'TorchLean.Floats.IEEE754.IEEE32Exec.toModel_add' depends on axioms: [propext, Classical.choice, Quot.sound]
'TorchLean.Floats.IEEE754.IEEE32Exec.toModel_mul' depends on axioms: [propext, Classical.choice, Quot.sound]
'TorchLean.Floats.IEEE754.IEEE32Exec.model_isFinite_quietNaN' depends on axioms: [propext, Quot.sound]
'TorchLean.Floats.IEEE754.IEEE32Exec.model_isFinite_chooseNaN2' depends on axioms: [propext, Quot.sound]
'TorchLean.Floats.IEEE754.IEEE32Exec.roundAt_binary32' depends on axioms: [propext, Classical.choice, Quot.sound]
'TorchLean.Floats.IEEE754.IEEE32Exec.toReal_add_eq_fp32Round_of_isFinite' depends on axioms: [propext,
 Classical.choice,
 Quot.sound]
'TorchLean.Floats.IEEE754.IEEE32Exec.toReal_mul_eq_fp32Round_of_isFinite' depends on axioms: [propext,
 Classical.choice,
 Quot.sound]
'TorchLean.Floats.IEEE754.IEEE32Exec.fp32Round_eq_computed' depends on axioms: [propext, Classical.choice, Quot.sound]
'TorchLean.Floats.IEEE754.IEEE32Exec.toReal_mul_eq_computed_of_isFinite' depends on axioms: [propext,
 Classical.choice,
 Quot.sound]
'FloatLib.Floats.ExecFloat.Binary.toModel_ofModel' depends on axioms: [propext, Classical.choice, Quot.sound]
'FloatLib.Floats.ExecFloat.Binary.ofModel_toModel' depends on axioms: [propext, Classical.choice, Quot.sound]
'FloatLib.Floats.ExecFloat.Binary.ofNatBits_toNatBits' depends on axioms: [propext, Classical.choice, Quot.sound]
'FloatLib.Floats.ExecFloat.Binary.toNatBits_ofNatBits_of_lt' depends on axioms: [propext, Classical.choice, Quot.sound]
'FloatLib.Floats.ExecFloat.Binary.toModel_add' depends on axioms: [propext, Classical.choice, Quot.sound]
'FloatLib.Floats.ExecFloat.Binary.toModel_mul' depends on axioms: [propext, Classical.choice, Quot.sound]
'FloatLib.Floats.ExecFloat.Proof.add_eq_spec' does not depend on any axioms
'FloatLib.Floats.ExecFloat.Proof.mul_eq_spec' does not depend on any axioms
'FloatLib.Floats.Formats.BinaryInterchange.Model.toReal_add_eq_roundAt' depends on axioms: [propext,
 Classical.choice,
 Quot.sound]
'FloatLib.Floats.Formats.BinaryInterchange.Model.toReal_mul_eq_roundAt' depends on axioms: [propext,
 Classical.choice,
 Quot.sound]
AUDIT_IMPORT Init.Prelude
AUDIT_IMPORT Init.Coe
AUDIT_IMPORT Init.Notation
AUDIT_IMPORT Init.Tactics
AUDIT_IMPORT Init.SizeOf
AUDIT_IMPORT Init.Core
AUDIT_IMPORT Init.BinderNameHint
AUDIT_IMPORT Init.Control.Basic
AUDIT_IMPORT Init.Control.MonadAttach
AUDIT_IMPORT Init.Control.Id
AUDIT_IMPORT Init.Control.Except
AUDIT_IMPORT Init.Grind.Attr
AUDIT_IMPORT Init.Grind.Interactive
AUDIT_IMPORT Init.Grind.Tactics
AUDIT_IMPORT Init.Data.Option.Basic
AUDIT_IMPORT Init.Control.Option
AUDIT_IMPORT Init.Control.Do
AUDIT_IMPORT Init.Data.Cast
AUDIT_IMPORT Init.SimpLemmas
AUDIT_IMPORT Init.Data.Zero
AUDIT_IMPORT Init.Data.NeZero
AUDIT_IMPORT Init.Data.Nat.Basic
AUDIT_IMPORT Init.Data.Int.Basic
AUDIT_IMPORT Init.Data.List.Notation
AUDIT_IMPORT Init.Data.List.Basic
AUDIT_IMPORT Init.Data.ByteArray.Bootstrap
AUDIT_IMPORT Init.Data.BitVec.BasicAux
AUDIT_IMPORT Init.WF
AUDIT_IMPORT Init.MetaTypes
AUDIT_IMPORT Init.WFTactics
AUDIT_IMPORT Init.Data.Nat.Div.Basic
AUDIT_IMPORT Init.Data.Nat.Bitwise.Basic
AUDIT_IMPORT Init.Data.Fin.Basic
AUDIT_IMPORT Init.Data.UInt.BasicAux
AUDIT_IMPORT Init.Data.Char.Basic
AUDIT_IMPORT Init.Data.String.Bootstrap
AUDIT_IMPORT Init.Control.State
AUDIT_IMPORT Init.Data.Format.Basic
AUDIT_IMPORT Init.Data.Repr
AUDIT_IMPORT Init.Data.ToString.Basic
AUDIT_IMPORT Init.Util
AUDIT_IMPORT Init.GetElem
AUDIT_IMPORT Init.Data.List.ToArrayImpl
AUDIT_IMPORT Init.Data.Array.Set
AUDIT_IMPORT Init.Data.Array.Basic
AUDIT_IMPORT Init.Data.Array.GetLit
AUDIT_IMPORT Init.Meta.Defs
AUDIT_IMPORT Init.Syntax
AUDIT_IMPORT Init.Meta
AUDIT_IMPORT Init.TacticsExtra
AUDIT_IMPORT Init.ByCases
AUDIT_IMPORT Init.RCases
AUDIT_IMPORT Init.Conv
AUDIT_IMPORT Init.NotationExtra
AUDIT_IMPORT Init.PropLemmas
AUDIT_IMPORT Init.Classical
AUDIT_IMPORT Init.System.ST
AUDIT_IMPORT Init.Control.Reader
AUDIT_IMPORT Init.Control.StateRef
AUDIT_IMPORT Init.Ext
AUDIT_IMPORT Init.Control.Lawful.Basic
AUDIT_IMPORT Init.Control.Lawful.Instances
AUDIT_IMPORT Init.Control.Lawful.Lemmas
AUDIT_IMPORT Init.Control.Lawful.MonadLift.Basic
AUDIT_IMPORT Init.Control.Lawful.MonadLift.Lemmas
AUDIT_IMPORT Init.Control.ExceptCps
AUDIT_IMPORT Init.Control.StateCps
AUDIT_IMPORT Init.Control.Lawful.MonadLift.Instances
AUDIT_IMPORT Init.Control.Lawful.MonadLift
AUDIT_IMPORT Init.Control.Lawful.MonadAttach.Lemmas
AUDIT_IMPORT Init.Control.EState
AUDIT_IMPORT Init.Control.Lawful.MonadAttach.Instances
AUDIT_IMPORT Init.Control.Lawful.MonadAttach
AUDIT_IMPORT Init.Control.Lawful
AUDIT_IMPORT Init.Control
AUDIT_IMPORT Init.WFComputable
AUDIT_IMPORT Init.Data.Nat.Dvd
AUDIT_IMPORT Init.Data.Nat.Log2
AUDIT_IMPORT Init.Data.RArray
AUDIT_IMPORT Init.Data.Bool
AUDIT_IMPORT Init.LawfulBEqTactics
AUDIT_IMPORT Init.Data.Prod
AUDIT_IMPORT Init.Data.Nat.Internal.Linear
AUDIT_IMPORT Init.Data.Nat.MinMax
AUDIT_IMPORT Init.Data.Int.DivMod.Basic
AUDIT_IMPORT Init.Data.Int.Lemmas
AUDIT_IMPORT Init.Data.Order.Classes
AUDIT_IMPORT Init.Data.Order.Factories
AUDIT_IMPORT Init.Data.BEq
AUDIT_IMPORT Init.Data.Order.Lemmas
AUDIT_IMPORT Init.Data.Int.Order
AUDIT_IMPORT Init.Omega.Int
AUDIT_IMPORT Init.Data.Int.DivMod.Bootstrap
AUDIT_IMPORT Init.Data.Nat.Gcd
AUDIT_IMPORT Init.Omega.IntList
AUDIT_IMPORT Init.Omega.Coeffs
AUDIT_IMPORT Init.Data.ToString.Macro
AUDIT_IMPORT Init.Omega.LinearCombo
AUDIT_IMPORT Init.Omega.Constraint
AUDIT_IMPORT Init.Omega.Logic
AUDIT_IMPORT Init.Data.Nat.Order
AUDIT_IMPORT Init.Omega
AUDIT_IMPORT Init.Data.Nat.Mod
AUDIT_IMPORT Init.Data.Nat.Lemmas
AUDIT_IMPORT Init.Data.Nat.Simproc
AUDIT_IMPORT Init.Data.Nat.Div.Lemmas
AUDIT_IMPORT Init.Data.Nat.Div
AUDIT_IMPORT Init.Data.Nat.Coprime
AUDIT_IMPORT Init.BinderPredicates
AUDIT_IMPORT Init.Data.Int.Pow
AUDIT_IMPORT Init.Data.Nat.Bitwise.Lemmas
AUDIT_IMPORT Init.Data.Nat.Bitwise
AUDIT_IMPORT Init.Data.Nat.Control
AUDIT_IMPORT Init.Data.Nat.Power2.Basic
AUDIT_IMPORT Init.Data.Nat.Power2.Lemmas
AUDIT_IMPORT Init.Data.Nat.Power2.Bitwise
AUDIT_IMPORT Init.Data.Nat.Power2
AUDIT_IMPORT Init.Data.List.BasicAux
AUDIT_IMPORT Init.Data.Nat.Internal.SOM
AUDIT_IMPORT Init.Data.Nat.Internal
AUDIT_IMPORT Init.Data.Nat.Lcm
AUDIT_IMPORT Init.Data.Ord.Basic
AUDIT_IMPORT Init.Data.Order.ClassesExtra
AUDIT_IMPORT Init.Data.Nat.Compare
AUDIT_IMPORT Init.Hints
AUDIT_IMPORT Init.Data.Fin.Lemmas
AUDIT_IMPORT Init.Data.Fin.Fold
AUDIT_IMPORT Init.Data.List.Control
AUDIT_IMPORT Init.Grind.Annotated
AUDIT_IMPORT Init.Data.Option.Instances
AUDIT_IMPORT Init.Data.Option.BasicAux
AUDIT_IMPORT Init.Data.Option.Lemmas
AUDIT_IMPORT Init.Data.List.Lemmas
AUDIT_IMPORT Init.Data.List.OfFn
AUDIT_IMPORT Init.Grind.Util
AUDIT_IMPORT Init.Data.List.TakeDrop
AUDIT_IMPORT Init.Data.List.Sublist
AUDIT_IMPORT Init.Data.List.Count
AUDIT_IMPORT Init.Data.Subtype.Basic
AUDIT_IMPORT Init.Data.List.Attach
AUDIT_IMPORT Init.Data.Array.Bootstrap
AUDIT_IMPORT Init.Data.List.Monadic
AUDIT_IMPORT Init.Data.List.FinRange
AUDIT_IMPORT Init.Data.Nat.Fold
AUDIT_IMPORT Init.Data.Int.Bitwise.Basic
AUDIT_IMPORT Init.Data.BitVec.Basic
AUDIT_IMPORT Init.Data.UInt.Basic
AUDIT_IMPORT Init.Data.Fin.Bitwise
AUDIT_IMPORT Init.Data.BitVec.Bootstrap
AUDIT_IMPORT Init.Data.List.Impl
AUDIT_IMPORT Init.Data.Function
AUDIT_IMPORT Init.Data.List.Zip
AUDIT_IMPORT Init.Data.List.Range
AUDIT_IMPORT Init.Data.List.Find
AUDIT_IMPORT Init.Data.List.Nat.TakeDrop
AUDIT_IMPORT Init.Data.Int.DivMod.Lemmas
AUDIT_IMPORT Init.Data.Int.Gcd
AUDIT_IMPORT Init.Data.AC
AUDIT_IMPORT Init.Data.Int.Cooper
AUDIT_IMPORT Init.Data.Int.LemmasAux
AUDIT_IMPORT Init.Data.Int.Linear
AUDIT_IMPORT Init.Data.OfScientific.Basic
AUDIT_IMPORT Init.Data.List.Nat.BEq
AUDIT_IMPORT Init.Data.Array.DecidableEq
AUDIT_IMPORT Init.Data.List.Pairwise
AUDIT_IMPORT Init.Data.List.Erase
AUDIT_IMPORT Init.Data.List.Nat.Erase
AUDIT_IMPORT Init.Data.List.Nat.Modify
AUDIT_IMPORT Init.Data.List.Nat.InsertIdx
AUDIT_IMPORT Init.Data.List.ToArray
AUDIT_IMPORT Init.Data.Subtype.Order
AUDIT_IMPORT Init.Data.List.MinMax
AUDIT_IMPORT Init.Data.List.Nat.Basic
AUDIT_IMPORT Init.Data.Array.Lemmas
AUDIT_IMPORT Init.Data.ByteArray.Basic
AUDIT_IMPORT Init.Data.String.PosRaw
AUDIT_IMPORT Init.Data.Array.Extract
AUDIT_IMPORT Init.Data.ByteArray.Lemmas
AUDIT_IMPORT Init.Data.String.Defs
AUDIT_IMPORT Init.Data.Int.Repr
AUDIT_IMPORT Init.Data.ToString.Extra
AUDIT_IMPORT Init.Data.Hashable
AUDIT_IMPORT Init.Data.Rat.Basic
AUDIT_IMPORT Init.Data.Rat.Lemmas
AUDIT_IMPORT Init.Grind.ToInt
AUDIT_IMPORT Init.Grind.Module.Basic
AUDIT_IMPORT Init.Grind.Ring.Basic
AUDIT_IMPORT Init.Grind.Ring.Field
AUDIT_IMPORT Init.Grind.Ring.OfScientific
AUDIT_IMPORT Init.Grind.Norm
AUDIT_IMPORT Init.Data.Int.Bitwise.Lemmas
AUDIT_IMPORT Init.Data.BitVec.Lemmas
AUDIT_IMPORT Init.System.Platform
AUDIT_IMPORT Init.Data.UInt.Lemmas
AUDIT_IMPORT Init.Data.Char.Lemmas
AUDIT_IMPORT Init.Data.UInt.Bitwise
AUDIT_IMPORT Init.Data.String.Decode
AUDIT_IMPORT Init.Data.String.Basic
AUDIT_IMPORT Init.Data.String.Length
AUDIT_IMPORT Init.Data.Nat.ToString
AUDIT_IMPORT Init.Data.Nat.Sqrt.Basic
AUDIT_IMPORT Init.Data.Nat.Sqrt.Lemmas
AUDIT_IMPORT Init.Data.Nat.Sqrt
AUDIT_IMPORT Init.Data.Nat
AUDIT_IMPORT Init.Data.Int.DivMod.Pow
AUDIT_IMPORT Init.Data.Int.DivMod
AUDIT_IMPORT Init.Data.Fin.Iterate
AUDIT_IMPORT Init.Data.BitVec.Folds
AUDIT_IMPORT Init.Data.BitVec.Decidable
AUDIT_IMPORT Init.Data.BitVec.Bitblast
AUDIT_IMPORT Init.Data.BitVec
AUDIT_IMPORT Init.Data.Char.Order
AUDIT_IMPORT Init.Data.Fin.OverflowAware
AUDIT_IMPORT Init.Grind.Lemmas
AUDIT_IMPORT Init.Grind.Cases
AUDIT_IMPORT Init.Grind.Propagator
AUDIT_IMPORT Init.Grind.Offset
AUDIT_IMPORT Init.Grind.PP
AUDIT_IMPORT Init.Grind.Ordered.Order
AUDIT_IMPORT Init.Grind.Ordered.Module
AUDIT_IMPORT Init.Grind.Ordered.Ring
AUDIT_IMPORT Init.Grind.Ring.Envelope
AUDIT_IMPORT Init.GrindInstances.Ring.Int
AUDIT_IMPORT Init.Grind.Ring.CommSolver
AUDIT_IMPORT Init.Grind.Ring.CommSemiringAdapter
AUDIT_IMPORT Init.Grind.Ring.ToInt
AUDIT_IMPORT Init.Grind.Ring
AUDIT_IMPORT Init.Grind.Module.Envelope
AUDIT_IMPORT Init.Grind.Module.OfNatModule
AUDIT_IMPORT Init.Grind.Ordered.Linarith
AUDIT_IMPORT Init.Grind.Module.NatModuleNorm
AUDIT_IMPORT Init.Grind.Module
AUDIT_IMPORT Init.Grind.Ordered.Field
AUDIT_IMPORT Init.Grind.Ordered.Int
AUDIT_IMPORT Init.GrindInstances.Ring.Rat
AUDIT_IMPORT Init.Grind.Ordered.Rat
AUDIT_IMPORT Init.Grind.Ordered
AUDIT_IMPORT Init.Grind.Ext
AUDIT_IMPORT Init.Grind.ToIntLemmas
AUDIT_IMPORT Init.Grind.AC
AUDIT_IMPORT Init.Grind.Injective
AUDIT_IMPORT Init.Grind.Order
AUDIT_IMPORT Init.Grind.Lint
AUDIT_IMPORT Init.Grind.FieldNormNum
AUDIT_IMPORT Init.Grind.Config
AUDIT_IMPORT Init.Grind.Homo.BitVec
AUDIT_IMPORT Init.Grind.Homo.Fin
AUDIT_IMPORT Init.Grind.Homo.Nat
AUDIT_IMPORT Init.Grind.Homo.Int
AUDIT_IMPORT Init.Grind.Homo.List
AUDIT_IMPORT Init.Data.SInt.Basic
AUDIT_IMPORT Init.Data.SInt.Lemmas
AUDIT_IMPORT Init.Data.SInt.Bitwise
AUDIT_IMPORT Init.Grind.Homo.UInt8
AUDIT_IMPORT Init.Grind.Homo.UInt16
AUDIT_IMPORT Init.Grind.Homo.UInt32
AUDIT_IMPORT Init.Grind.Homo.UInt64
AUDIT_IMPORT Init.Grind.Homo.USize
AUDIT_IMPORT Init.Grind.Homo.Int8
AUDIT_IMPORT Init.Grind.Homo.Int16
AUDIT_IMPORT Init.Grind.Homo.Int32
AUDIT_IMPORT Init.Grind.Homo.Int64
AUDIT_IMPORT Init.Grind.Homo.ISize
AUDIT_IMPORT Init.Grind.Homo
AUDIT_IMPORT Init.Grind
AUDIT_IMPORT Init.GrindInstances.ToInt
AUDIT_IMPORT Init.Data.Int.OfNat
AUDIT_IMPORT Init.Data.Char.Ordinal
AUDIT_IMPORT Init.Data.Char
AUDIT_IMPORT Init.Data.Iterators.Basic
AUDIT_IMPORT Init.Data.Iterators.Consumers.Monadic.Partial
AUDIT_IMPORT Init.Data.Iterators.Internal.LawfulMonadLiftFunction
AUDIT_IMPORT Init.WFExtrinsicFix
AUDIT_IMPORT Init.Data.Iterators.Consumers.Monadic.Total
AUDIT_IMPORT Init.Data.Iterators.Consumers.Monadic.Loop
AUDIT_IMPORT Init.Data.Ord.Array
AUDIT_IMPORT Init.Data.Order.Ord
AUDIT_IMPORT Init.Data.Order.FactoriesExtra
AUDIT_IMPORT Init.Data.Order.LemmasExtra
AUDIT_IMPORT Init.Data.Order.PackageFactories
AUDIT_IMPORT Init.Data.String.OrderInstances
AUDIT_IMPORT Init.Data.String.Lemmas.Basic
AUDIT_IMPORT Init.Data.String.FindPos
AUDIT_IMPORT Init.Data.String.Lemmas.Order
AUDIT_IMPORT Init.Data.String.Lemmas.FindPos
AUDIT_IMPORT Init.Data.Iterators.Consumers.Partial
AUDIT_IMPORT Init.Data.Iterators.Consumers.Total
AUDIT_IMPORT Init.Data.Iterators.Consumers.Loop
AUDIT_IMPORT Init.Data.String.Lemmas.IsEmpty
AUDIT_IMPORT Init.Data.String.Lemmas.Splits
AUDIT_IMPORT Init.Data.String.Termination
AUDIT_IMPORT Init.Data.String.Pattern.Basic
AUDIT_IMPORT Init.Data.String.Pattern.Pred
AUDIT_IMPORT Init.Data.String.Pattern.Char
AUDIT_IMPORT Init.Data.Array.MinMax
AUDIT_IMPORT Init.Data.List.Nat.Sum
AUDIT_IMPORT Init.Data.List.Nat.Prod
AUDIT_IMPORT Init.Data.Array.Nat
AUDIT_IMPORT Init.Data.Iterators.Consumers.Monadic.Collect
AUDIT_IMPORT Init.Data.Iterators.Lemmas.Monadic.Basic
AUDIT_IMPORT Init.Data.Iterators.Lemmas.Consumers.Monadic.Collect
AUDIT_IMPORT Init.Data.Iterators.Lemmas.Consumers.Monadic.Loop
AUDIT_IMPORT Init.Data.Range.Polymorphic.UpwardEnumerable
AUDIT_IMPORT Init.Data.Range.Polymorphic.PRange
AUDIT_IMPORT Init.Data.Iterators.Consumers.Monadic.Access
AUDIT_IMPORT Init.Data.Range.Polymorphic.RangeIterator
AUDIT_IMPORT Init.Data.Array.InsertIdx
AUDIT_IMPORT Init.Data.List.Nat.Count
AUDIT_IMPORT Init.Data.Array.Count
AUDIT_IMPORT Init.Data.Array.Attach
AUDIT_IMPORT Init.Data.Option.List
AUDIT_IMPORT Init.Data.Option.Array
AUDIT_IMPORT Init.Data.Option.Attach
AUDIT_IMPORT Init.Data.List.Nat.Range
AUDIT_IMPORT Init.Data.List.MapIdx
AUDIT_IMPORT Init.Data.Array.Monadic
AUDIT_IMPORT Init.Data.Array.OfFn
AUDIT_IMPORT Init.Data.Array.MapIdx
AUDIT_IMPORT Init.Data.Range.Polymorphic.Basic
AUDIT_IMPORT Init.Data.Iterators.Consumers.Collect
AUDIT_IMPORT Init.Data.Range.Polymorphic.Iterators
AUDIT_IMPORT Init.Data.Range.Polymorphic.Instances
AUDIT_IMPORT Init.Data.Range.Polymorphic.Nat
AUDIT_IMPORT Init.Data.Vector.Basic
AUDIT_IMPORT Init.Data.String.Pattern.String
AUDIT_IMPORT Init.Data.String.Pattern
AUDIT_IMPORT Init.Data.Iterators.PostconditionMonad
AUDIT_IMPORT Init.Data.Iterators.Combinators.Monadic.FilterMap
AUDIT_IMPORT Init.Data.Iterators.Combinators.FilterMap
AUDIT_IMPORT Init.Data.String.ToSlice
AUDIT_IMPORT Init.Data.String.Subslice
AUDIT_IMPORT Init.Data.String.Iter.Basic
AUDIT_IMPORT Init.Data.String.Iterate
AUDIT_IMPORT Init.Data.String.Slice
AUDIT_IMPORT Init.Data.String.Search
AUDIT_IMPORT Init.Data.String.Extra
AUDIT_IMPORT Init.Data.String.Modify
AUDIT_IMPORT Init.Data.String.Iterator
AUDIT_IMPORT Init.Data.String.Lemmas.Modify
AUDIT_IMPORT Init.Data.String.Lemmas.Pattern.Memcmp
AUDIT_IMPORT Init.Data.String.Lemmas.Slice
AUDIT_IMPORT Init.Data.String.Lemmas.Search
AUDIT_IMPORT Init.Data.Iterators.Consumers.Access
AUDIT_IMPORT Init.Data.Iterators.Lemmas.Basic
AUDIT_IMPORT Init.Data.Iterators.Lemmas.Consumers.Collect
AUDIT_IMPORT Init.Data.String.Lemmas.Pattern.Basic
AUDIT_IMPORT Init.Data.Iterators.Lemmas.Combinators.Monadic.FilterMap
AUDIT_IMPORT Init.Data.Iterators.Lemmas.Consumers.Loop
AUDIT_IMPORT Init.Data.Iterators.Lemmas.Combinators.FilterMap
AUDIT_IMPORT Init.Data.String.Lemmas.Iterate
AUDIT_IMPORT Init.Data.String.Lemmas.Pattern.Pred
AUDIT_IMPORT Init.Data.String.Lemmas.Pattern.Char
AUDIT_IMPORT Init.Data.String.Lemmas.Intercalate
AUDIT_IMPORT Init.Data.String.Lemmas.Pattern.String.Basic
AUDIT_IMPORT Init.Data.String.Lemmas.Pattern.String.ForwardPattern
AUDIT_IMPORT Init.Data.List.Nat.Find
AUDIT_IMPORT Init.Data.Array.Find
AUDIT_IMPORT Init.Data.Vector.Lemmas
AUDIT_IMPORT Init.Data.String.Lemmas.Pattern.String.ForwardSearcher
AUDIT_IMPORT Init.Data.String.Lemmas.Pattern.String
AUDIT_IMPORT Init.Data.String.Lemmas.Pattern.Split.Basic
AUDIT_IMPORT Init.Data.List.SplitOn.Basic
AUDIT_IMPORT Init.Data.List.SplitOn.Lemmas
AUDIT_IMPORT Init.Data.String.Lemmas.Pattern.Split.Pred
AUDIT_IMPORT Init.Data.String.Lemmas.Pattern.Split.Char
AUDIT_IMPORT Init.Data.String.Lemmas.Pattern.Split
AUDIT_IMPORT Init.Data.String.Lemmas.Pattern.Find.Basic
AUDIT_IMPORT Init.Data.String.Lemmas.Pattern.Find.Char
AUDIT_IMPORT Init.Data.String.Lemmas.Pattern.Find.Pred
AUDIT_IMPORT Init.Data.String.Lemmas.Pattern.Find.String
AUDIT_IMPORT Init.Data.String.Lemmas.Pattern.Find
AUDIT_IMPORT Init.Data.String.Substring
AUDIT_IMPORT Init.Data.String.TakeDrop
AUDIT_IMPORT Init.Data.String.Lemmas.Pattern.TakeDrop.Basic
AUDIT_IMPORT Init.Data.String.Lemmas.Pattern.TakeDrop.Char
AUDIT_IMPORT Init.Data.String.Lemmas.Pattern.TakeDrop.Pred
AUDIT_IMPORT Init.Data.String.Lemmas.Pattern.TakeDrop.String
AUDIT_IMPORT Init.Data.String.Lemmas.Pattern.TakeDrop
AUDIT_IMPORT Init.Data.String.Lemmas.Pattern
AUDIT_IMPORT Init.Data.String.Iter.Intercalate
AUDIT_IMPORT Init.Data.String.Lemmas.Iter
AUDIT_IMPORT Init.Data.LawfulHashable
AUDIT_IMPORT Init.Data.String.Lemmas.Hashable
AUDIT_IMPORT Init.Data.String.Lemmas.TakeDrop
AUDIT_IMPORT Init.Data.List.Lex
AUDIT_IMPORT Init.Data.String.Lemmas.StringOrder
AUDIT_IMPORT Init.Data.String.Lemmas.Length
AUDIT_IMPORT Init.Data.String.Lemmas
AUDIT_IMPORT Init.Data.Range.Basic
AUDIT_IMPORT Init.Data.Range.Lemmas
AUDIT_IMPORT Init.Data.Range
AUDIT_IMPORT Init.Data.Slice.Basic
AUDIT_IMPORT Init.Data.Iterators.ToIterator
AUDIT_IMPORT Init.Data.Slice.Operations
AUDIT_IMPORT Init.Data.Array.Subarray
AUDIT_IMPORT Init.Data.Slice.Notation
AUDIT_IMPORT Init.Data.Slice.Array.Basic
AUDIT_IMPORT Init.Data.Stream
AUDIT_IMPORT Init.Data.String.Stream
AUDIT_IMPORT Init.Data.String.Legacy
AUDIT_IMPORT Init.Data.String.Iter
AUDIT_IMPORT Init.Data.String.Hashable
AUDIT_IMPORT Init.Data.String
AUDIT_IMPORT Init.Data.Order.Opposite
AUDIT_IMPORT Init.Data.Order.MinMaxOn
AUDIT_IMPORT Init.Data.List.MinMaxOn
AUDIT_IMPORT Init.Data.List.MinMaxIdx
AUDIT_IMPORT Init.Data.List.Nat.Pairwise
AUDIT_IMPORT Init.Data.List.Nat.Sublist
AUDIT_IMPORT Init.Data.List.Perm
AUDIT_IMPORT Init.Data.List.Nat.Perm
AUDIT_IMPORT Init.Data.List.Nat
AUDIT_IMPORT Init.Data.List.Int.Sum
AUDIT_IMPORT Init.Data.List.Int.Prod
AUDIT_IMPORT Init.Data.List.Int
AUDIT_IMPORT Init.Data.List.Sort.Basic
AUDIT_IMPORT Init.Data.List.Sort.Lemmas
AUDIT_IMPORT Init.Data.List.Sort.Impl
AUDIT_IMPORT Init.Data.List.Sort
AUDIT_IMPORT Init.Data.List.Scan.Basic
AUDIT_IMPORT Init.Data.List.Scan.Lemmas
AUDIT_IMPORT Init.Data.List.Scan
AUDIT_IMPORT Init.Data.List.ControlImpl
AUDIT_IMPORT Init.Data.List.SplitOn
AUDIT_IMPORT Init.Data.List
AUDIT_IMPORT Init.Data.Int.Bitwise
AUDIT_IMPORT Init.Data.Int.Compare
AUDIT_IMPORT Init.Data.Int.ToString
AUDIT_IMPORT Init.Data.Int
AUDIT_IMPORT Init.Data.Array.QSort.Basic
AUDIT_IMPORT Init.Data.Array.QSort
AUDIT_IMPORT Init.Data.Array.BinSearch
AUDIT_IMPORT Init.Data.Array.InsertionSort
AUDIT_IMPORT Init.Data.Array.Mem
AUDIT_IMPORT Init.Data.Array.BasicAux
AUDIT_IMPORT Init.Data.Array.TakeDrop
AUDIT_IMPORT Init.Data.Array.FinRange
AUDIT_IMPORT Init.Data.Array.Perm
AUDIT_IMPORT Init.Data.Array.Lex.Basic
AUDIT_IMPORT Init.Data.Range.Polymorphic.Lemmas
AUDIT_IMPORT Init.Data.Range.Polymorphic.NatLemmas
AUDIT_IMPORT Init.Data.Array.Lex.Lemmas
AUDIT_IMPORT Init.Data.Array.Lex
AUDIT_IMPORT Init.Data.Array.Zip
AUDIT_IMPORT Init.Data.Array.Range
AUDIT_IMPORT Init.Data.Array.Erase
AUDIT_IMPORT Init.Data.Array.Int
AUDIT_IMPORT Init.Data.Array.Subarray.Split
AUDIT_IMPORT Init.Data.Slice.Array.Iterator
AUDIT_IMPORT Init.Data.Iterators.Lemmas.Consumers.Monadic
AUDIT_IMPORT Init.Data.Iterators.Lemmas.Consumers.Access
AUDIT_IMPORT Init.Data.Iterators.Lemmas.Consumers
AUDIT_IMPORT Init.Data.Slice.InternalLemmas
AUDIT_IMPORT Init.Data.Slice.Lemmas
AUDIT_IMPORT Init.Data.Slice.List.Basic
AUDIT_IMPORT Init.Data.Iterators.Consumers.Monadic
AUDIT_IMPORT Init.Data.Iterators.Consumers.Stream
AUDIT_IMPORT Init.Data.Iterators.Consumers
AUDIT_IMPORT Init.Data.Iterators.Producers.Monadic.List
AUDIT_IMPORT Init.Data.Iterators.Producers.List
AUDIT_IMPORT Init.Data.Iterators.Combinators.Monadic.Take
AUDIT_IMPORT Init.Data.Iterators.Combinators.Take
AUDIT_IMPORT Init.Data.Slice.List.Iterator
AUDIT_IMPORT Init.Data.Iterators.Lemmas.Combinators.Monadic.Take
AUDIT_IMPORT Init.Data.Iterators.Lemmas.Combinators.Take
AUDIT_IMPORT Init.Data.Iterators.Lemmas.Producers.Monadic.List
AUDIT_IMPORT Init.Data.Iterators.Lemmas.Producers.List
AUDIT_IMPORT Init.Data.Slice.List.Lemmas
AUDIT_IMPORT Init.Data.Slice.Array.Lemmas
AUDIT_IMPORT Init.Data.Slice.Array
AUDIT_IMPORT Init.Data.Array.Sort.Basic
AUDIT_IMPORT Init.Data.Array.Sort.Lemmas
AUDIT_IMPORT Init.Data.Array.Sort
AUDIT_IMPORT Init.Data.Array
AUDIT_IMPORT Init.Data.ByteArray.Extra
AUDIT_IMPORT Init.Data.ByteArray
AUDIT_IMPORT Init.Data.Float.Model.Unpacked.Sign
AUDIT_IMPORT Init.Data.Float.Model.Unpacked.Basic
AUDIT_IMPORT Init.Data.Float.Model.Format.Basic
AUDIT_IMPORT Init.Data.Float.Model.Unpacked.Pack.Basic
AUDIT_IMPORT Init.Data.Float.Model.Format.Valid
AUDIT_IMPORT Init.Data.Float.Model.Unpacked.Pack.Lemmas
AUDIT_IMPORT Init.Data.Float.Model.Unpacked.Round
AUDIT_IMPORT Init.Data.Float.Model.Unpacked.Operations.Add
AUDIT_IMPORT Init.Data.Float.Model.Unpacked.Operations.Mul
AUDIT_IMPORT Init.Data.Float.Model.Unpacked.Operations.Sub
AUDIT_IMPORT Init.Data.Float.Model.Unpacked.Operations.Div
AUDIT_IMPORT Init.Data.Float.Model.Unpacked.Operations.Sqrt
AUDIT_IMPORT Init.Data.Float.Model.Unpacked.Operations.Compare
AUDIT_IMPORT Init.Data.Float.Model.Unpacked.Operations.Sign
AUDIT_IMPORT Init.Data.Float.Model.Unpacked.Operations.Status
AUDIT_IMPORT Init.Data.Float.Model.Unpacked.Operations.OfNat
AUDIT_IMPORT Init.Data.Float.Model.Unpacked.Operations.ToNat
AUDIT_IMPORT Init.Data.Float.Model.Unpacked.Operations.OfScientific
AUDIT_IMPORT Init.Data.Float.Model.Unpacked.Operations
AUDIT_IMPORT Init.Data.Float.Model.Float
AUDIT_IMPORT Init.Data.Float.Float
AUDIT_IMPORT Init.Data.FloatArray.Basic
AUDIT_IMPORT Init.Data.FloatArray
AUDIT_IMPORT Init.Data.Fin.Log2
AUDIT_IMPORT Init.Data.Fin
AUDIT_IMPORT Init.Data.UInt.Log2
AUDIT_IMPORT Init.Data.UInt.IntToBitVec
AUDIT_IMPORT Init.Data.UInt
AUDIT_IMPORT Init.Data.SInt.Float
AUDIT_IMPORT Init.Data.Float.Model.Float32
AUDIT_IMPORT Init.Data.Float.Float32
AUDIT_IMPORT Init.Data.SInt.Float32
AUDIT_IMPORT Init.Data.SInt.IntToBitVec
AUDIT_IMPORT Init.Data.SInt
AUDIT_IMPORT Init.Data.Float.Model.Format
AUDIT_IMPORT Init.Data.Float.Model.Unpacked.Pack
AUDIT_IMPORT Init.Data.Float.Model.Unpacked
AUDIT_IMPORT Init.Data.Float.Model
AUDIT_IMPORT Init.Data.Float
AUDIT_IMPORT Init.Data.Option.Coe
AUDIT_IMPORT Init.Data.Option.Monadic
AUDIT_IMPORT Init.Data.Option.Function
AUDIT_IMPORT Init.Data.Option
AUDIT_IMPORT Init.Data.Ord.BitVec
AUDIT_IMPORT Init.Data.Ord.SInt
AUDIT_IMPORT Init.Data.Ord.String
AUDIT_IMPORT Init.Data.Ord.UInt
AUDIT_IMPORT Init.Data.Ord.Vector
AUDIT_IMPORT Init.Data.Ord
AUDIT_IMPORT Init.System.IOError
AUDIT_IMPORT Init.System.FilePath
AUDIT_IMPORT Init.System.IO
AUDIT_IMPORT Init.Data.Random
AUDIT_IMPORT Init.Data.ToString.Name
AUDIT_IMPORT Init.Data.ToString
AUDIT_IMPORT Init.Data.OfScientific
AUDIT_IMPORT Init.Data.Format.Macro
AUDIT_IMPORT Init.Data.Format.Instances
AUDIT_IMPORT Init.Data.Format.Syntax
AUDIT_IMPORT Init.Data.Format
AUDIT_IMPORT Init.Data.Queue
AUDIT_IMPORT Init.Data.Sum.Basic
AUDIT_IMPORT Init.Data.Sum.Lemmas
AUDIT_IMPORT Init.Data.Sum
AUDIT_IMPORT Init.Data.Subtype.OrderExtra
AUDIT_IMPORT Init.Data.Subtype
AUDIT_IMPORT Init.Data.ULift
AUDIT_IMPORT Init.Data.PLift
AUDIT_IMPORT Init.Data.Vector.Lex
AUDIT_IMPORT Init.Data.Vector.Attach
AUDIT_IMPORT Init.Data.Vector.MapIdx
AUDIT_IMPORT Init.Data.Vector.Count
AUDIT_IMPORT Init.Data.Vector.DecidableEq
AUDIT_IMPORT Init.Data.Vector.Zip
AUDIT_IMPORT Init.Data.Vector.Monadic
AUDIT_IMPORT Init.Data.Vector.OfFn
AUDIT_IMPORT Init.Data.Vector.Range
AUDIT_IMPORT Init.Data.Vector.Erase
AUDIT_IMPORT Init.Data.Vector.InsertIdx
AUDIT_IMPORT Init.Data.Vector.FinRange
AUDIT_IMPORT Init.Data.Vector.Extract
AUDIT_IMPORT Init.Data.Vector.Perm
AUDIT_IMPORT Init.Data.Vector.Find
AUDIT_IMPORT Init.Data.Vector.Algebra
AUDIT_IMPORT Init.Data.Vector.Stream
AUDIT_IMPORT Init.Data.Vector.Nat
AUDIT_IMPORT Init.Data.Vector.Int
AUDIT_IMPORT Init.Data.Vector
AUDIT_IMPORT Init.Data.Iterators.Producers.Monadic
AUDIT_IMPORT Init.Data.Iterators.Producers
AUDIT_IMPORT Init.Data.Iterators.Combinators.Monadic.Append
AUDIT_IMPORT Init.Data.Iterators.Combinators.Append
AUDIT_IMPORT Init.Data.Iterators.Combinators.Monadic.FlatMap
AUDIT_IMPORT Init.Data.Iterators.Combinators.Monadic.ULift
AUDIT_IMPORT Init.Data.Iterators.Combinators.Monadic
AUDIT_IMPORT Init.Data.Iterators.Combinators.FlatMap
AUDIT_IMPORT Init.Data.Iterators.Combinators.ULift
AUDIT_IMPORT Init.Data.Iterators.Combinators
AUDIT_IMPORT Init.Data.Iterators.Lemmas.Combinators.Monadic.Append
AUDIT_IMPORT Init.Data.Iterators.Lemmas.Combinators.Append
AUDIT_IMPORT Init.Data.Iterators.Combinators.Monadic.Attach
AUDIT_IMPORT Init.Data.Iterators.Combinators.Attach
AUDIT_IMPORT Init.Data.Iterators.Lemmas.Combinators.Monadic.Attach
AUDIT_IMPORT Init.Data.Iterators.Lemmas.Combinators.Attach
AUDIT_IMPORT Init.Data.Iterators.Lemmas.Combinators.Monadic.FlatMap
AUDIT_IMPORT Init.Data.Iterators.Lemmas.Combinators.Monadic.ULift
AUDIT_IMPORT Init.Data.Iterators.Lemmas.Combinators.Monadic
AUDIT_IMPORT Init.Data.Iterators.Lemmas.Combinators.FlatMap
AUDIT_IMPORT Init.Data.Iterators.Lemmas.Combinators.ULift
AUDIT_IMPORT Init.Data.Iterators.Lemmas.Combinators
AUDIT_IMPORT Init.Data.Iterators.Lemmas.Producers.Monadic
AUDIT_IMPORT Init.Data.Iterators.Lemmas.Producers
AUDIT_IMPORT Init.Data.Iterators.Lemmas
AUDIT_IMPORT Init.Data.Iterators.Internal
AUDIT_IMPORT Init.Data.Iterators
AUDIT_IMPORT Init.Data.Range.Polymorphic.Stream
AUDIT_IMPORT Init.Data.Range.Polymorphic.Map
AUDIT_IMPORT Init.Data.Range.Polymorphic.Fin
AUDIT_IMPORT Init.Data.Range.Polymorphic.Char
AUDIT_IMPORT Init.Data.Range.Polymorphic.Int
AUDIT_IMPORT Init.Data.Range.Polymorphic.BitVec
AUDIT_IMPORT Init.Data.Range.Polymorphic.UInt
AUDIT_IMPORT Init.Data.Range.Polymorphic.Internal.SignedBitVec
AUDIT_IMPORT Init.Data.Range.Polymorphic.SInt
AUDIT_IMPORT Init.Data.Range.Polymorphic.IntLemmas
AUDIT_IMPORT Init.Data.Range.Polymorphic.GetElemTactic
AUDIT_IMPORT Init.Data.Range.Polymorphic
AUDIT_IMPORT Init.Data.Slice.List
AUDIT_IMPORT Init.Data.Slice
AUDIT_IMPORT Init.Data.Order
AUDIT_IMPORT Init.Data.Rat
AUDIT_IMPORT Init.Data.Dyadic.Basic
AUDIT_IMPORT Init.Data.Dyadic.Instances
AUDIT_IMPORT Init.Data.Dyadic.Round
AUDIT_IMPORT Init.Data.Dyadic.Inv
AUDIT_IMPORT Init.Data.Dyadic
AUDIT_IMPORT Init.Data
AUDIT_IMPORT Init.While
AUDIT_IMPORT Init.System.Uri
AUDIT_IMPORT Init.System.Promise
AUDIT_IMPORT Init.System.CancelToken
AUDIT_IMPORT Init.System
AUDIT_IMPORT Init.Dynamic
AUDIT_IMPORT Init.ShareCommon
AUDIT_IMPORT Init.Guard
AUDIT_IMPORT Init.Simproc
AUDIT_IMPORT Init.CbvSimproc
AUDIT_IMPORT Init.SizeOfLemmas
AUDIT_IMPORT Init.MacroTrace
AUDIT_IMPORT Init.GrindInstances.Ring.Nat
AUDIT_IMPORT Init.GrindInstances.Ring.UInt
AUDIT_IMPORT Init.GrindInstances.Ring.SInt
AUDIT_IMPORT Init.GrindInstances.Ring.Fin
AUDIT_IMPORT Init.GrindInstances.Ring.BitVec
AUDIT_IMPORT Init.GrindInstances.Ring
AUDIT_IMPORT Init.GrindInstances.Nat
AUDIT_IMPORT Init.GrindInstances
AUDIT_IMPORT Init.Sym.Lemmas
AUDIT_IMPORT Init.Sym.Simp.SimprocDSL
AUDIT_IMPORT Init.Sym.DSimp.DSimprocDSL
AUDIT_IMPORT Init.Sym
AUDIT_IMPORT Init.Internal.Order.Basic
AUDIT_IMPORT Init.Internal.Order.Lemmas
AUDIT_IMPORT Init.Internal.Order.MonadTail
AUDIT_IMPORT Init.Internal.Order.While
AUDIT_IMPORT Init.Internal.Order.Tactic
AUDIT_IMPORT Init.Internal.Order
AUDIT_IMPORT Init.Internal
AUDIT_IMPORT Init.Try
AUDIT_IMPORT Init.Task
AUDIT_IMPORT Init.MethodSpecsSimp
AUDIT_IMPORT Init.LetFun
AUDIT_IMPORT Init
AUDIT_IMPORT FloatLib.Floats.Formats.BinaryInterchange.Format.Definition
AUDIT_IMPORT FloatLib.Floats.Formats.BinaryInterchange.Format.Properties
AUDIT_IMPORT FloatLib.Floats.Formats.BinaryInterchange.Format.Runtime
AUDIT_IMPORT FloatLib.Floats.Formats.BinaryInterchange.Format.Storage
AUDIT_IMPORT FloatLib.Floats.Formats.BinaryInterchange.Format.Catalog
AUDIT_IMPORT Lean.Data.LOption
AUDIT_IMPORT Lean.ImportingFlag
AUDIT_IMPORT Lean.Data.KVMap
AUDIT_IMPORT Std.Data.DHashMap.Internal.AssocList.Basic
AUDIT_IMPORT Std.Data.DHashMap.RawDef
AUDIT_IMPORT Std.Data.Internal.List.Defs
AUDIT_IMPORT Std.Data.DHashMap.Internal.Index
AUDIT_IMPORT Std.Data.DHashMap.Internal.Defs
AUDIT_IMPORT Std.Data.DHashMap.Raw
AUDIT_IMPORT Std.Data.DHashMap.Basic
AUDIT_IMPORT Std.Data.HashMap.Basic
AUDIT_IMPORT Std.Data.HashSet.Basic
AUDIT_IMPORT Std.Data.DTreeMap.Internal.Def
AUDIT_IMPORT Std.Data.DTreeMap.Internal.Balanced
AUDIT_IMPORT Std.Data.DTreeMap.Internal.Balancing
AUDIT_IMPORT Std.Data.Internal.Cut
AUDIT_IMPORT Std.Data.DTreeMap.Internal.Ordered
AUDIT_IMPORT Std.Data.DTreeMap.Internal.Queries
AUDIT_IMPORT Std.Data.DTreeMap.Internal.Operations
AUDIT_IMPORT Std.Data.DTreeMap.Internal.WF.Defs
AUDIT_IMPORT Std.Data.DTreeMap.Basic
AUDIT_IMPORT Std.Data.TreeMap.Basic
AUDIT_IMPORT Std.Data.TreeSet.Basic
AUDIT_IMPORT Lean.Data.PersistentHashMap
AUDIT_IMPORT Std.Data.Iterators.Producers.Monadic.Array
AUDIT_IMPORT Std.Data.Iterators.Producers.Array
AUDIT_IMPORT Std.Data.DHashMap.Internal.AssocList.Iterator
AUDIT_IMPORT Std.Data.DHashMap.Iterator
AUDIT_IMPORT Std.Data.HashMap.Raw
AUDIT_IMPORT Std.Data.HashMap.Iterator
AUDIT_IMPORT Lean.Data.Iterators.Producers.PersistentHashMap
AUDIT_IMPORT Lean.Data.SMap
AUDIT_IMPORT Lean.Data.SSet
AUDIT_IMPORT Lean.Data.Name
AUDIT_IMPORT Lean.Data.NameMap.Basic
AUDIT_IMPORT Lean.Data.Options
AUDIT_IMPORT Lean.Util.RecDepth
AUDIT_IMPORT Std.Data.DTreeMap.Raw.Basic
AUDIT_IMPORT Std.Data.TreeMap.Raw.Basic
AUDIT_IMPORT Lean.Data.PrefixTree
AUDIT_IMPORT Lean.Data.NameTrie
AUDIT_IMPORT Lean.Data.Json.Basic
AUDIT_IMPORT Std.Internal.Parsec.Basic
AUDIT_IMPORT Std.Internal.Parsec.String
AUDIT_IMPORT Std.Data.ByteSlice
AUDIT_IMPORT Std.Internal.Parsec.ByteArray
AUDIT_IMPORT Std.Internal.Parsec
AUDIT_IMPORT Lean.Data.Json.Parser
AUDIT_IMPORT Lean.Data.Format
AUDIT_IMPORT Lean.Data.Json.Printer
AUDIT_IMPORT Lean.Data.Json.FromToJson.Basic
AUDIT_IMPORT Lean.Util.LeanOptions
AUDIT_IMPORT Lean.Setup
AUDIT_IMPORT Lean.Data.PersistentArray
AUDIT_IMPORT Lean.Data.PersistentHashSet
AUDIT_IMPORT Lean.Hygiene
AUDIT_IMPORT Lean.Level
AUDIT_IMPORT Lean.Expr
AUDIT_IMPORT Lean.LocalContext
AUDIT_IMPORT Lean.Util.Path
AUDIT_IMPORT Lean.Util.FindExpr
AUDIT_IMPORT Lean.Util.Profile
AUDIT_IMPORT Lean.Util.PtrSet
AUDIT_IMPORT Lean.Util.ReplaceExpr
AUDIT_IMPORT Lean.Util.InstantiateLevelParams
AUDIT_IMPORT Lean.Declaration
AUDIT_IMPORT Lean.Util.FoldConsts
AUDIT_IMPORT Lean.PrivateName
AUDIT_IMPORT Lean.LoadDynlib
AUDIT_IMPORT Lean.CompactedRegion
AUDIT_IMPORT Lean.Environment
AUDIT_IMPORT Lean.EnvExtension
AUDIT_IMPORT Lean.Modifiers
AUDIT_IMPORT Lean.InternalExceptionId
AUDIT_IMPORT Lean.ToLevel
AUDIT_IMPORT Lean.ToExpr
AUDIT_IMPORT Lean.Data.Position
AUDIT_IMPORT Lean.Data.DeclarationRange
AUDIT_IMPORT Lean.Data.OpenDecl
AUDIT_IMPORT Lean.Util.MonadCache
AUDIT_IMPORT Lean.MetavarContext
AUDIT_IMPORT Lean.Data.PPContext
AUDIT_IMPORT Lean.Server.Rpc.Basic
AUDIT_IMPORT Lean.Widget.Types
AUDIT_IMPORT Lean.Elab.InfoTree.Types
AUDIT_IMPORT Lean.Util.PPExt
AUDIT_IMPORT Lean.Util.Sorry
AUDIT_IMPORT Lean.Message
AUDIT_IMPORT Lean.Syntax
AUDIT_IMPORT Lean.DocString.Links
AUDIT_IMPORT Lean.ErrorExplanation
AUDIT_IMPORT Lean.Exception
AUDIT_IMPORT Lean.Namespace
AUDIT_IMPORT Lean.Log
AUDIT_IMPORT Lean.ResolveName
AUDIT_IMPORT Lean.Data.Trie
AUDIT_IMPORT Lean.Elab.Exception
AUDIT_IMPORT Lean.AuxRecursor
AUDIT_IMPORT Lean.Compiler.Old
AUDIT_IMPORT Lean.MonadEnv
AUDIT_IMPORT Lean.DeclarationRange
AUDIT_IMPORT Lean.DocString.Types
AUDIT_IMPORT Lean.DocString.DeferredCheck
AUDIT_IMPORT Lean.DocString.Extension
AUDIT_IMPORT Lean.Parser.Types
AUDIT_IMPORT Lean.Util.Trace
AUDIT_IMPORT Lean.Elab.InfoTree.Basic
AUDIT_IMPORT Lean.Language.Basic
AUDIT_IMPORT Lean.Compiler.NoncomputableAttr
AUDIT_IMPORT Lean.CoreM
AUDIT_IMPORT Lean.Compiler.MetaAttr
AUDIT_IMPORT Lean.Attributes
AUDIT_IMPORT Lean.Util.CollectLevelParams
AUDIT_IMPORT Lean.Class
AUDIT_IMPORT Lean.ScopedEnvExtension
AUDIT_IMPORT Lean.ReducibilityAttrs
AUDIT_IMPORT Lean.Util.MonadBacktrack
AUDIT_IMPORT Lean.Meta.RecExt
AUDIT_IMPORT Lean.Compiler.InlineAttrs
AUDIT_IMPORT Lean.Meta.TransparencyMode
AUDIT_IMPORT Lean.Meta.Basic
AUDIT_IMPORT Lean.Data.Lsp.BasicAux
AUDIT_IMPORT Lean.Data.Lsp.Utf16
AUDIT_IMPORT Lean.Meta.ForEachExpr
AUDIT_IMPORT Lean.Data.LBool
AUDIT_IMPORT Lean.Meta.InferType
AUDIT_IMPORT Lean.Util.Recognizers
AUDIT_IMPORT Lean.Meta.Sorry
AUDIT_IMPORT Lean.Util.CollectAxioms
AUDIT_IMPORT Lean.OriginalConstKind
AUDIT_IMPORT Lean.ProjFns
AUDIT_IMPORT Lean.Structure
AUDIT_IMPORT Lean.AutoDecl
AUDIT_IMPORT Lean.Linter.Init
AUDIT_IMPORT Lean.AddDecl
AUDIT_IMPORT Lean.Meta.PPGoal
AUDIT_IMPORT Lean.ReservedNameAction
AUDIT_IMPORT Lean.Elab.InfoTree.Main
AUDIT_IMPORT Lean.Compiler.NameMangling
AUDIT_IMPORT Lean.Compiler.ModPkgExt
AUDIT_IMPORT Lean.Compiler.InitAttr
AUDIT_IMPORT Lean.Compiler.ExternAttr
AUDIT_IMPORT Lean.Compiler.IR.Basic
AUDIT_IMPORT Lean.Compiler.IR.Format
AUDIT_IMPORT Lean.Compiler.ExportAttr
AUDIT_IMPORT Lean.Compiler.LCNF.PublicDeclsExt
AUDIT_IMPORT Lean.Meta.DiscrTree.Types
AUDIT_IMPORT Lean.Meta.DiscrTree.Basic
AUDIT_IMPORT Lean.Util.SafeExponentiation
AUDIT_IMPORT Lean.Meta.Match.MatchPatternAttr
AUDIT_IMPORT Lean.Meta.GetUnfoldableConst
AUDIT_IMPORT Lean.Meta.LitValues
AUDIT_IMPORT Lean.Meta.NatInstTesters
AUDIT_IMPORT Lean.Meta.Offset
AUDIT_IMPORT Lean.Meta.CtorRecognizer
AUDIT_IMPORT Lean.Meta.Match.MatcherInfo
AUDIT_IMPORT Lean.Meta.FunInfo
AUDIT_IMPORT Lean.Meta.Transform
AUDIT_IMPORT Lean.Meta.WHNF
AUDIT_IMPORT Lean.Meta.DiscrTree.Main
AUDIT_IMPORT Lean.Util.CollectMVars
AUDIT_IMPORT Lean.Meta.CollectMVars
AUDIT_IMPORT Lean.Meta.PPBinder
AUDIT_IMPORT Lean.Util.UnusedBinders
AUDIT_IMPORT Lean.Util.CollectFVars
AUDIT_IMPORT Lean.Meta.CollectFVars
AUDIT_IMPORT Lean.Meta.Instances
AUDIT_IMPORT Lean.Compiler.Specialize
AUDIT_IMPORT Lean.Compiler.BorrowedAnnotation
AUDIT_IMPORT Lean.Compiler.LCNF.Types
AUDIT_IMPORT Lean.Compiler.LCNF.Basic
AUDIT_IMPORT Lean.Compiler.IR.CompilerM
AUDIT_IMPORT Lean.ExtraModUses
AUDIT_IMPORT Lean.KeyedDeclsAttribute
AUDIT_IMPORT Lean.Meta.AbstractMVars
AUDIT_IMPORT Lean.Meta.Check
AUDIT_IMPORT Lean.Meta.SynthInstance
AUDIT_IMPORT Lean.Util.FindMVar
AUDIT_IMPORT Lean.Util.FindLevelMVar
AUDIT_IMPORT Lean.Util.ReplaceLevel
AUDIT_IMPORT Lean.PrettyPrinter.Delaborator.Attributes
AUDIT_IMPORT Lean.PrettyPrinter.Delaborator.Options
AUDIT_IMPORT Lean.PrettyPrinter.Delaborator.FieldNotation
AUDIT_IMPORT Lean.SubExpr
AUDIT_IMPORT Lean.PrettyPrinter.Delaborator.SubExpr
AUDIT_IMPORT Lean.Elab.Config
AUDIT_IMPORT Lean.PrettyPrinter.Delaborator.TopDownAnalyze
AUDIT_IMPORT Lean.PrettyPrinter.Delaborator.Basic
AUDIT_IMPORT Lean.Elab.ErrorUtils
AUDIT_IMPORT Lean.PrettyPrinter.Delaborator.Metavariable
AUDIT_IMPORT Lean.Meta.CoeAttr
AUDIT_IMPORT Lean.Meta.DecLevel
AUDIT_IMPORT Lean.Meta.HasAssignableMVar
AUDIT_IMPORT Lean.Meta.AppBuilder
AUDIT_IMPORT Lean.Meta.Structure
AUDIT_IMPORT Lean.Parser.Basic
AUDIT_IMPORT Lean.DocString.Markdown
AUDIT_IMPORT Lean.BuiltinDocAttr
AUDIT_IMPORT Lean.Parser.Extension
AUDIT_IMPORT Lean.Parser.StrInterpolation
AUDIT_IMPORT Lean.ParserCompiler.Attribute
AUDIT_IMPORT Lean.PrettyPrinter.Basic
AUDIT_IMPORT Lean.PrettyPrinter.Formatter
AUDIT_IMPORT Lean.PrettyPrinter.Parenthesizer
AUDIT_IMPORT Lean.Parser.Extra
AUDIT_IMPORT Lean.Parser.Attr
AUDIT_IMPORT Lean.Parser.Level
AUDIT_IMPORT Lean.Parser.Term.Doc
AUDIT_IMPORT Lean.Parser.Term.Basic
AUDIT_IMPORT Lean.DocString.Syntax
AUDIT_IMPORT Lean.DocString.Parser
AUDIT_IMPORT Lean.DocString.Formatter
AUDIT_IMPORT Lean.Parser.Term
AUDIT_IMPORT Lean.Parser.Do
AUDIT_IMPORT Lean.Parser.Command
AUDIT_IMPORT Lean.PrettyPrinter.Delaborator.DeclWithSig
AUDIT_IMPORT Lean.PrettyPrinter.Delaborator.Builtins
AUDIT_IMPORT Lean.PrettyPrinter.Delaborator
AUDIT_IMPORT Lean.Parser.Module.Syntax
AUDIT_IMPORT Lean.Parser.Module
AUDIT_IMPORT Lean.Meta.ReduceEval
AUDIT_IMPORT Lean.ParserCompiler
AUDIT_IMPORT Lean.Util.NumObjs
AUDIT_IMPORT Lean.Util.ShareCommon
AUDIT_IMPORT Lean.PrettyPrinter
AUDIT_IMPORT Lean.Meta.Diagnostics
AUDIT_IMPORT Lean.DefEqAttrib
AUDIT_IMPORT Lean.Meta.Tactic.AuxLemma
AUDIT_IMPORT Lean.Util.ForEachExpr
AUDIT_IMPORT Lean.Meta.Closure
AUDIT_IMPORT Lean.Util.ForEachExprWhere
AUDIT_IMPORT Lean.Meta.Tactic.Util
AUDIT_IMPORT Lean.Meta.Tactic.Assumption
AUDIT_IMPORT Lean.Meta.RecursorInfo
AUDIT_IMPORT Lean.Meta.Tactic.Clear
AUDIT_IMPORT Lean.Meta.Tactic.Revert
AUDIT_IMPORT Lean.Meta.Tactic.Intro
AUDIT_IMPORT Lean.Data.AssocList
AUDIT_IMPORT Lean.Meta.Tactic.FVarSubst
AUDIT_IMPORT Lean.Meta.Tactic.Induction
AUDIT_IMPORT Lean.Meta.MatchUtil
AUDIT_IMPORT Lean.Meta.Tactic.Assert
AUDIT_IMPORT Lean.Meta.Tactic.Replace
AUDIT_IMPORT Lean.Meta.ACLt
AUDIT_IMPORT Lean.Meta.Match.Value
AUDIT_IMPORT Lean.Meta.Match.NamedPatterns
AUDIT_IMPORT Lean.Meta.Match.Basic
AUDIT_IMPORT Lean.Meta.LetToHave
AUDIT_IMPORT Lean.Meta.Eqns
AUDIT_IMPORT Lean.Meta.Match.MatchEqsExt
AUDIT_IMPORT Lean.Meta.Tactic.Subst
AUDIT_IMPORT Lean.Meta.Tactic.Injection
AUDIT_IMPORT Lean.Meta.Tactic.UnifyEq
AUDIT_IMPORT Lean.Util.SortExprs
AUDIT_IMPORT Lean.HeadIndex
AUDIT_IMPORT Lean.Meta.KExprMap
AUDIT_IMPORT Lean.Data.RArray
AUDIT_IMPORT Lean.Meta.Tactic.Simp.Arith.Nat.Basic
AUDIT_IMPORT Lean.Meta.Tactic.Simp.Arith.Util
AUDIT_IMPORT Lean.Meta.Tactic.Simp.Arith.Nat.Simp
AUDIT_IMPORT Lean.Meta.Tactic.Simp.Arith.Nat
AUDIT_IMPORT Lean.Meta.IntInstTesters
AUDIT_IMPORT Lean.Meta.Tactic.Simp.Arith.Int.Basic
AUDIT_IMPORT Lean.Meta.Tactic.Simp.Arith.Int.Simp
AUDIT_IMPORT Lean.Meta.Tactic.Simp.Arith.Int
AUDIT_IMPORT Lean.Meta.Tactic.Simp.Arith
AUDIT_IMPORT Lean.Meta.CongrTheorems
AUDIT_IMPORT Lean.Parser.Tactic.Doc
AUDIT_IMPORT Lean.DocString
AUDIT_IMPORT Lean.Meta.Tactic.Simp.SimpTheorems
AUDIT_IMPORT Lean.Meta.Tactic.Simp.SimpCongrTheorems
AUDIT_IMPORT Lean.Meta.Tactic.Simp.Types
AUDIT_IMPORT Lean.Meta.Tactic.Simp.Simproc
AUDIT_IMPORT Lean.Meta.Tactic.Simp.Attr
AUDIT_IMPORT Lean.Meta.BinderNameHint
AUDIT_IMPORT Lean.Meta.Tactic.Simp.Rewrite
AUDIT_IMPORT Lean.Meta.Tactic.Simp.Diagnostics
AUDIT_IMPORT Lean.Meta.MonadSimp
AUDIT_IMPORT Lean.Util.CollectLooseBVars
AUDIT_IMPORT Lean.Meta.HaveTelescope
AUDIT_IMPORT Lean.Meta.Tactic.Simp.Main
AUDIT_IMPORT Lean.Meta.Tactic.Acyclic
AUDIT_IMPORT Lean.Meta.CompletionName
AUDIT_IMPORT Lean.Linter.Deprecated
AUDIT_IMPORT Lean.Meta.Constructions.CtorIdx
AUDIT_IMPORT Lean.Meta.HasNotBit
AUDIT_IMPORT Lean.Meta.Constructions.SparseCasesOn
AUDIT_IMPORT Lean.Meta.Tactic.Cases
AUDIT_IMPORT Lean.Meta.Tactic.Apply
AUDIT_IMPORT Lean.Meta.Tactic.Contradiction
AUDIT_IMPORT Lean.Meta.KAbstract
AUDIT_IMPORT Lean.Meta.GeneralizeTelescope
AUDIT_IMPORT Lean.Meta.Match.MatcherApp.Basic
AUDIT_IMPORT Lean.Meta.Match.MVarRenaming
AUDIT_IMPORT Lean.Meta.Match.SimpH
AUDIT_IMPORT Lean.Meta.Match.SolveOverlap
AUDIT_IMPORT Lean.Meta.Match.CaseValues
AUDIT_IMPORT Lean.Meta.Match.CaseArraySizes
AUDIT_IMPORT Lean.Meta.Match.Match
AUDIT_IMPORT Lean.Meta.GeneralizeVars
AUDIT_IMPORT Lean.Elab.BindersUtil
AUDIT_IMPORT Lean.Meta.Coe
AUDIT_IMPORT Lean.Util.CollectLevelMVars
AUDIT_IMPORT Lean.Elab.Util
AUDIT_IMPORT Lean.Elab.DeprecatedSyntax
AUDIT_IMPORT Lean.Elab.Attributes
AUDIT_IMPORT Lean.Data.Json.Stream
AUDIT_IMPORT Std.Data.Internal.List.Associative
AUDIT_IMPORT Std.Data.DTreeMap.Internal.Cell
AUDIT_IMPORT Std.Data.DTreeMap.Internal.Model
AUDIT_IMPORT Std.Data.DTreeMap.Internal.WF.Lemmas
AUDIT_IMPORT Std.Data.DTreeMap.AdditionalOperations
AUDIT_IMPORT Std.Data.TreeMap.AdditionalOperations
AUDIT_IMPORT Lean.Data.Json.FromToJson.Extra
AUDIT_IMPORT Lean.Data.Json.FromToJson
AUDIT_IMPORT Lean.Data.Json.Elab
AUDIT_IMPORT Lean.Data.Json
AUDIT_IMPORT Lean.Data.Lsp.Basic
AUDIT_IMPORT Lean.Meta.TryThis
AUDIT_IMPORT Lean.Util.Diff
AUDIT_IMPORT Lean.Meta.Hint
AUDIT_IMPORT Lean.Elab.AutoBound
AUDIT_IMPORT Lean.Elab.Level
AUDIT_IMPORT Lean.Elab.PreDefinition.TerminationHint
AUDIT_IMPORT Lean.Elab.DeclarationRange
AUDIT_IMPORT Lean.Elab.WhereFinally
AUDIT_IMPORT Lean.Elab.InfoTree.InlayHints
AUDIT_IMPORT Lean.Elab.Term.TermElabM
AUDIT_IMPORT Lean.Elab.Command.Scope
AUDIT_IMPORT Lean.Elab.DocString
AUDIT_IMPORT Lean.DocString.Add
AUDIT_IMPORT Lean.Elab.DeclModifiers
AUDIT_IMPORT Lean.Elab.Term
AUDIT_IMPORT Lean.Elab.Arg
AUDIT_IMPORT Lean.Elab.MatchAltView
AUDIT_IMPORT Lean.Elab.PatternVar
AUDIT_IMPORT Lean.Elab.Quotation.Util
AUDIT_IMPORT Lean.Elab.Quotation.Precheck
AUDIT_IMPORT Lean.Util.OccursCheck
AUDIT_IMPORT Lean.Elab.Tactic.Basic
AUDIT_IMPORT Lean.Meta.AbstractNestedProofs
AUDIT_IMPORT Lean.Elab.SyntheticMVars
AUDIT_IMPORT Lean.Elab.Match
AUDIT_IMPORT Lean.Elab.Binders
AUDIT_IMPORT Lean.Elab.InfoTree
AUDIT_IMPORT Lean.Elab.SetOption
AUDIT_IMPORT Lean.Elab.Command
AUDIT_IMPORT Std.Data.Iterators.Producers.Range
AUDIT_IMPORT Std.Data.Iterators.Combinators.Monadic.StepSize
AUDIT_IMPORT Std.Data.Iterators.Combinators.StepSize
AUDIT_IMPORT Lean.Meta.WrapInstance
AUDIT_IMPORT Lean.Linter.AmbiguousOpen
AUDIT_IMPORT Lean.Elab.Open
AUDIT_IMPORT Lean.Compiler.Options
AUDIT_IMPORT Lean.Meta.Eval
AUDIT_IMPORT Lean.Elab.Eval
AUDIT_IMPORT Lean.Elab.BuiltinTerm
AUDIT_IMPORT Lean.Compiler.ImplementedByAttr
AUDIT_IMPORT Lean.IdentifierSuggestion
AUDIT_IMPORT Lean.Elab.BuiltinNotation
AUDIT_IMPORT Lean.Server.ServerTask
AUDIT_IMPORT Lean.Server.RequestCancellation
AUDIT_IMPORT Lean.Data.JsonRpc
AUDIT_IMPORT Lean.Data.Lsp.CancelParams
AUDIT_IMPORT Lean.Data.Lsp.LanguageFeatures
AUDIT_IMPORT Lean.Data.Lsp.Diagnostics
AUDIT_IMPORT Lean.Data.Lsp.CodeActions
AUDIT_IMPORT Lean.Data.Lsp.TextSync
AUDIT_IMPORT Lean.Data.Lsp.Extra
AUDIT_IMPORT Lean.Data.Lsp.Capabilities
AUDIT_IMPORT Lean.Data.Lsp.Client
AUDIT_IMPORT Lean.Data.Lsp.Communication
AUDIT_IMPORT Lean.Data.Lsp.Workspace
AUDIT_IMPORT Lean.Data.Lsp.InitShutdown
AUDIT_IMPORT Lean.Data.Lsp.Internal
AUDIT_IMPORT Lean.Data.Lsp.Ipc
AUDIT_IMPORT Lean.Data.Lsp.Window
AUDIT_IMPORT Lean.Data.Lsp
AUDIT_IMPORT Lean.Server.FileSource
AUDIT_IMPORT Lean.Language.Lean.Types
AUDIT_IMPORT Lean.DeprecatedModule
AUDIT_IMPORT Lean.Elab.Import
AUDIT_IMPORT Lean.Server.InfoUtils
AUDIT_IMPORT Lean.Server.Utils
AUDIT_IMPORT Lean.Widget.TaggedText
AUDIT_IMPORT Lean.Widget.Basic
AUDIT_IMPORT Lean.Widget.InteractiveCode
AUDIT_IMPORT Lean.Widget.InteractiveGoal
AUDIT_IMPORT Lean.Linter.Util
AUDIT_IMPORT Lean.Linter.UnusedVariables
AUDIT_IMPORT Lean.Widget.InteractiveDiagnostic
AUDIT_IMPORT Lean.Server.Snapshots
AUDIT_IMPORT Lean.Server.AsyncList
AUDIT_IMPORT Std.Sync.Basic
AUDIT_IMPORT Std.Sync.Mutex
AUDIT_IMPORT Lean.Server.FileWorker.Utils
AUDIT_IMPORT Lean.Server.Requests
AUDIT_IMPORT Lean.Server.CodeActions.Basic
AUDIT_IMPORT Lean.Server.CodeActions.Attr
AUDIT_IMPORT Lean.Server.CodeActions.Provider
AUDIT_IMPORT Batteries.CodeAction.Deprecated
AUDIT_IMPORT Batteries.Tactic.Alias
AUDIT_IMPORT Batteries.Logic
AUDIT_IMPORT Lean.Meta.Tactic.ElimInfo
AUDIT_IMPORT Lean.Elab.RecAppSyntax
AUDIT_IMPORT Lean.Elab.DeprecatedArg
AUDIT_IMPORT Lean.Elab.App
AUDIT_IMPORT Lean.Meta.DiscrTree.Util
AUDIT_IMPORT Lean.Meta.DiscrTree
AUDIT_IMPORT Lean.Meta.Tactic.Ext
AUDIT_IMPORT Lean.Meta.Reduce
AUDIT_IMPORT Lean.Meta.Tactic.Refl
AUDIT_IMPORT Lean.Meta.Tactic.Rfl
AUDIT_IMPORT Lean.Meta.Tactic.Symm
AUDIT_IMPORT Lean.Linter.Sets
AUDIT_IMPORT Std.Time.Internal.Bounded
AUDIT_IMPORT Std.Time.Internal.UnitVal
AUDIT_IMPORT Std.Time.Internal
AUDIT_IMPORT Std.Time.Time.Unit.Nanosecond
AUDIT_IMPORT Std.Time.Time.Unit.Second
AUDIT_IMPORT Std.Time.Time.Unit.Minute
AUDIT_IMPORT Std.Time.Time.Unit.Hour
AUDIT_IMPORT Std.Time.Time.Unit.Millisecond
AUDIT_IMPORT Std.Time.Time.Unit.Basic
AUDIT_IMPORT Std.Time.Time.Basic
AUDIT_IMPORT Std.Time.Time.HourMarker
AUDIT_IMPORT Std.Time.Time.PlainTime
AUDIT_IMPORT Std.Time.Time
AUDIT_IMPORT Std.Time.Date.Unit.Day
AUDIT_IMPORT Std.Time.Date.Unit.Month
AUDIT_IMPORT Std.Time.Date.Unit.Year
AUDIT_IMPORT Std.Time.Date.Unit.Weekday
AUDIT_IMPORT Std.Time.Date.Unit.Week
AUDIT_IMPORT Std.Time.Date.Unit.Basic
AUDIT_IMPORT Std.Time.Date.ValidDate
AUDIT_IMPORT Std.Time.Date.Basic
AUDIT_IMPORT Std.Time.Date.PlainDate
AUDIT_IMPORT Std.Time.Date
AUDIT_IMPORT Std.Time.Duration
AUDIT_IMPORT Std.Time.DateTime.WallTime
AUDIT_IMPORT Std.Time.DateTime.Timestamp
AUDIT_IMPORT Std.Time.Zoned.TimeZone
AUDIT_IMPORT Std.Time.Zoned.RecurringRule
AUDIT_IMPORT Std.Time.Zoned.ZoneRules
AUDIT_IMPORT Std.Time.Zoned.Database.TzIf
AUDIT_IMPORT Std.Time.Zoned.Database.PosixTz
AUDIT_IMPORT Std.Time.Zoned.Database.Basic
AUDIT_IMPORT Std.Time.Zoned.Database.TZdb
AUDIT_IMPORT Std.Time.Zoned.Database.Windows
AUDIT_IMPORT Std.Time.DateTime.PlainDateTime
AUDIT_IMPORT Std.Time.DateTime
AUDIT_IMPORT Std.Time.Zoned.Database
AUDIT_IMPORT Std.Time.Zoned
AUDIT_IMPORT Std.Time.Format.Modifier
AUDIT_IMPORT Std.Time.Format.DateFormat
AUDIT_IMPORT Std.Time.Format.Basic
AUDIT_IMPORT Std.Time.Notation.Spec
AUDIT_IMPORT Std.Time.Format
AUDIT_IMPORT Lean.Elab.Tactic.Grind.Annotated
AUDIT_IMPORT Lean.LibrarySuggestions.Basic
AUDIT_IMPORT Lean.LibrarySuggestions.SymbolFrequency
AUDIT_IMPORT Lean.LibrarySuggestions.SineQuaNon
AUDIT_IMPORT Lean.LibrarySuggestions.Default
AUDIT_IMPORT Lean.Linter.Basic
AUDIT_IMPORT Lean.Elab.ParseImportsFast
AUDIT_IMPORT Lean.Elab.AssertExists
AUDIT_IMPORT Mathlib.Tactic.Linter.DirectoryDependency
AUDIT_IMPORT Mathlib.Tactic.Linter.Header
AUDIT_IMPORT Mathlib.Lean.Linter
AUDIT_IMPORT Lean.Server.CodeActions
AUDIT_IMPORT Lean.Meta.Tactic.ExposeNames
AUDIT_IMPORT Lean.Server.Rpc.RequestHandling
AUDIT_IMPORT Lean.Widget.UserWidget
AUDIT_IMPORT Lean.Meta.Tactic.TryThis
AUDIT_IMPORT Mathlib.Tactic.AdaptationNote
AUDIT_IMPORT Mathlib.Tactic.Lemma
AUDIT_IMPORT Mathlib.Tactic.Linter.AuxLemma
AUDIT_IMPORT Mathlib.Tactic.Linter.DeprecatedSyntaxLinter
AUDIT_IMPORT Mathlib.Tactic.Linter.DocPrime
AUDIT_IMPORT Std.Data.Iterators.Combinators.Monadic.Zip
AUDIT_IMPORT Std.Data.Iterators.Combinators.Zip
AUDIT_IMPORT Mathlib.Tactic.Linter.DocString
AUDIT_IMPORT Mathlib.Tactic.Linter.EmptyLine
AUDIT_IMPORT Mathlib.Tactic.Linter.GlobalAttributeIn
AUDIT_IMPORT Mathlib.Tactic.Linter.HashCommandLinter
AUDIT_IMPORT Mathlib.Tactic.Linter.HaveILetI
AUDIT_IMPORT Mathlib.Tactic.Linter.InternalConstructor
AUDIT_IMPORT Lean.Meta.Tactic.Simp.SimpAll
AUDIT_IMPORT Lean.Meta.Tactic.Simp.BuiltinSimprocs.Core
AUDIT_IMPORT Lean.Meta.Tactic.Simp.BuiltinSimprocs.Util
AUDIT_IMPORT Lean.Meta.Tactic.Simp.BuiltinSimprocs.Nat
AUDIT_IMPORT Lean.Meta.Tactic.Simp.BuiltinSimprocs.Fin
AUDIT_IMPORT Lean.Meta.Tactic.Simp.BuiltinSimprocs.UInt
AUDIT_IMPORT Lean.Meta.Tactic.Simp.BuiltinSimprocs.Int
AUDIT_IMPORT Lean.Meta.Tactic.Simp.BuiltinSimprocs.SInt
AUDIT_IMPORT Lean.Meta.Tactic.Simp.BuiltinSimprocs.Char
AUDIT_IMPORT Lean.Meta.StringLitProof
AUDIT_IMPORT Lean.Meta.Tactic.Simp.BuiltinSimprocs.String
AUDIT_IMPORT Lean.Meta.Tactic.Simp.BuiltinSimprocs.BitVec
AUDIT_IMPORT Lean.Meta.Tactic.Simp.BuiltinSimprocs.List
AUDIT_IMPORT Lean.Meta.Tactic.Simp.BuiltinSimprocs.Array
AUDIT_IMPORT Lean.Meta.MethodSpecs
AUDIT_IMPORT Lean.Meta.Tactic.Simp.BuiltinSimprocs.MethodSpecs
AUDIT_IMPORT Lean.Meta.Tactic.Simp.BuiltinSimprocs.CtorIdx
AUDIT_IMPORT Lean.Meta.Tactic.Simp.BuiltinSimprocs
AUDIT_IMPORT Lean.Meta.Tactic.Simp.RegisterCommand
AUDIT_IMPORT Lean.Meta.Tactic.Simp
AUDIT_IMPORT Lean.Meta.Tactic.Simp.LoopProtection
AUDIT_IMPORT Lean.Meta.Tactic.Constructor
AUDIT_IMPORT Lean.Meta.Tactic.Rename
AUDIT_IMPORT Lean.Elab.Tactic.ElabTerm
AUDIT_IMPORT Lean.Elab.Tactic.Location
AUDIT_IMPORT Lean.Elab.ConfigEval.Types
AUDIT_IMPORT Lean.Elab.ConfigEval.Util
AUDIT_IMPORT Lean.Elab.ConfigEval.Basic
AUDIT_IMPORT Lean.Elab.ConfigEval.Commands
AUDIT_IMPORT Lean.Elab.DeclNameGen
AUDIT_IMPORT Lean.Elab.ConfigEval.DeriveEvalTerm
AUDIT_IMPORT Lean.Elab.ConfigEval.DeriveEvalExpr
AUDIT_IMPORT Lean.Elab.ConfigEval.Instances
AUDIT_IMPORT Lean.Elab.ConfigEval.DeriveEvalConfigItem
AUDIT_IMPORT Lean.Elab.ConfigEval.MetaInstances
AUDIT_IMPORT Lean.Elab.ConfigEval.Extra
AUDIT_IMPORT Lean.Elab.ConfigEval
AUDIT_IMPORT Lean.Elab.Tactic.Simp
AUDIT_IMPORT Mathlib.Tactic.Linter.FlexibleLinter
AUDIT_IMPORT Mathlib.Tactic.Linter.Multigoal
AUDIT_IMPORT Mathlib.Tactic.Linter.OldObtain
AUDIT_IMPORT Batteries.Lean.Position
AUDIT_IMPORT Mathlib.Lean.Expr.Basic
AUDIT_IMPORT Mathlib.Lean.Environment
AUDIT_IMPORT Mathlib.Lean.Elab.InfoTree
AUDIT_IMPORT Batteries.Tactic.Lint.Basic
AUDIT_IMPORT Batteries.Tactic.Lint.Misc
AUDIT_IMPORT Mathlib.Tactic.Linter.UnusedInstancesInType
AUDIT_IMPORT Mathlib.Tactic.Linter.OverlappingInstances
AUDIT_IMPORT Mathlib.Tactic.Linter.PrivateModule
AUDIT_IMPORT Lean.Elab.Tactic.Doc
AUDIT_IMPORT Mathlib.Tactic.Linter.TacticDocumentation
AUDIT_IMPORT Mathlib.Tactic.Linter.UnusedTacticExtension
AUDIT_IMPORT Batteries.Tactic.Unreachable
AUDIT_IMPORT Lean.Parser.Syntax
AUDIT_IMPORT Mathlib.Tactic.Linter.UnusedTactic
AUDIT_IMPORT Mathlib.Tactic.DeclarationNames
AUDIT_IMPORT Mathlib.Tactic.Linter.Style
AUDIT_IMPORT Mathlib.Tactic.Linter.Whitespace
AUDIT_IMPORT Lean.Util.Heartbeats
AUDIT_IMPORT Mathlib.Lean.Elab.Tactic.Meta
AUDIT_IMPORT Mathlib.Lean.ContextInfo
AUDIT_IMPORT Mathlib.Tactic.TacticAnalysis
AUDIT_IMPORT Lean.Meta.Tactic.Cleanup
AUDIT_IMPORT Batteries.Lean.Meta.Inaccessible
AUDIT_IMPORT Lean.Elab.DeclUtil
AUDIT_IMPORT Lean.Elab.DefView
AUDIT_IMPORT ImportGraph.Imports.ImportGraph
AUDIT_IMPORT ImportGraph.Imports.Redundant
AUDIT_IMPORT ImportGraph.Lean.Environment
AUDIT_IMPORT ImportGraph.Imports.RequiredModules
AUDIT_IMPORT Mathlib.Tactic.MinImports
AUDIT_IMPORT Mathlib.Tactic.ExtractGoal
AUDIT_IMPORT Mathlib.Util.ParseCommand
AUDIT_IMPORT Mathlib.Tactic.TacticAnalysis.Declarations
AUDIT_IMPORT Mathlib.Tactic.TypeStar
AUDIT_IMPORT Lean.Elab.Syntax
AUDIT_IMPORT Batteries.Util.LibraryNote
AUDIT_IMPORT Batteries.Tactic.HelpCmd
AUDIT_IMPORT Batteries.Lean.Syntax
AUDIT_IMPORT Batteries.Util.ProofWanted
AUDIT_IMPORT ImportGraph.Graph.TransitiveClosure
AUDIT_IMPORT ImportGraph.Tools.FindHome
AUDIT_IMPORT ImportGraph.Tools.ImportDiff
AUDIT_IMPORT ImportGraph.Tools.MinImports
AUDIT_IMPORT ImportGraph.Tools.RedundantImports
AUDIT_IMPORT ImportGraph.Tools
AUDIT_IMPORT Batteries.Tactic.OpenPrivate
AUDIT_IMPORT Batteries.Tactic.Lint.Simp
AUDIT_IMPORT Batteries.Tactic.Lint.TypeClass
AUDIT_IMPORT Batteries.Tactic.Lint.Frontend
AUDIT_IMPORT Batteries.Tactic.Lint
AUDIT_IMPORT Mathlib.Tactic.Linter.Lint
AUDIT_IMPORT Mathlib.Util.CodeActions.BinderPlicity
AUDIT_IMPORT Mathlib.Util.CodeActions
AUDIT_IMPORT Mathlib.Init
AUDIT_IMPORT Mathlib.Lean.Meta.Simp
AUDIT_IMPORT Batteries.Lean.NameMapAttribute
AUDIT_IMPORT Batteries.Tactic.Trans
AUDIT_IMPORT Mathlib.Tactic.Eqns
AUDIT_IMPORT Mathlib.Tactic.Translate.Attributes
AUDIT_IMPORT Mathlib.Data.String.Defs
AUDIT_IMPORT Mathlib.Tactic.Translate.GuessName
AUDIT_IMPORT Mathlib.Tactic.Translate.Reorder
AUDIT_IMPORT Lean.Meta.Tactic.Delta
AUDIT_IMPORT Mathlib.Tactic.Translate.UnfoldBoundary
AUDIT_IMPORT Mathlib.Tactic.Translate.Core
AUDIT_IMPORT Mathlib.Tactic.Translate.ToAdditive
AUDIT_IMPORT Mathlib.Tactic.ToAdditive
AUDIT_IMPORT Mathlib.Algebra.Regular.Defs
AUDIT_IMPORT Mathlib.Lean.Meta
AUDIT_IMPORT Mathlib.Lean.Name
AUDIT_IMPORT Mathlib.Tactic.MkIffOfInductiveProp
AUDIT_IMPORT Mathlib.Util.AddRelatedDecl
AUDIT_IMPORT Mathlib.Tactic.Simps.NotationClass
AUDIT_IMPORT Mathlib.Tactic.Simps.Basic
AUDIT_IMPORT Mathlib.Tactic.Simps
AUDIT_IMPORT Mathlib.Algebra.Group.Semigroup
AUDIT_IMPORT Mathlib.Data.Nat.BinaryRec
AUDIT_IMPORT Mathlib.Data.Nat.Notation
AUDIT_IMPORT Mathlib.Tactic.Push.Attr
AUDIT_IMPORT Mathlib.Algebra.Group.Monoid
AUDIT_IMPORT Mathlib.Data.Int.Notation
AUDIT_IMPORT Mathlib.Tactic.CrossRefAttribute
AUDIT_IMPORT Mathlib.Tactic.OfNat
AUDIT_IMPORT Mathlib.Algebra.Group.DivInvMonoid
AUDIT_IMPORT Mathlib.Algebra.Group.Defs
AUDIT_IMPORT Mathlib.Algebra.Group.IsCommutative
AUDIT_IMPORT Mathlib.Basic.Nontrivial.Defs
AUDIT_IMPORT Lean.LabelAttribute
AUDIT_IMPORT Mathlib.Tactic.Attr.Register
AUDIT_IMPORT Mathlib.Basic.Logic.Basic
AUDIT_IMPORT Batteries.Tactic.SeqFocus
AUDIT_IMPORT Mathlib.Algebra.GroupWithZero.Defs
AUDIT_IMPORT Mathlib.Algebra.Notation.Defs
AUDIT_IMPORT Batteries.Data.Nat.Basic
AUDIT_IMPORT Batteries.Data.Nat.Lemmas
AUDIT_IMPORT Mathlib.Data.Nat.Init
AUDIT_IMPORT Lean.Meta.Tactic.SplitIf
AUDIT_IMPORT Lean.Util.NumApps
AUDIT_IMPORT Lean.Elab.PreDefinition.Basic
AUDIT_IMPORT Std.Do.SPred.SVal
AUDIT_IMPORT Std.Do.SPred.SPred
AUDIT_IMPORT Std.Do.SPred.Notation.Basic
AUDIT_IMPORT Std.Do.SPred.Notation
AUDIT_IMPORT Std.Do.SPred.Laws
AUDIT_IMPORT Std.Do.SPred.DerivedLaws
AUDIT_IMPORT Std.Do.SPred
AUDIT_IMPORT Std.Do.PostCond
AUDIT_IMPORT Std.Do.PredTrans
AUDIT_IMPORT Std.Do.WP.Basic
AUDIT_IMPORT Std.Do.WP.Monad
AUDIT_IMPORT Std.Do.WP.SimpLemmas
AUDIT_IMPORT Std.Do.Internal.Ensures.Def
AUDIT_IMPORT Std.Do.Internal.Ensures.Lemmas
AUDIT_IMPORT Std.Do.Internal.Ensures
AUDIT_IMPORT Std.Do.WP.Sound
AUDIT_IMPORT Std.Do.WP
AUDIT_IMPORT Std.Do.Triple.Basic
AUDIT_IMPORT Std.Do.Triple.SpecLemmas
AUDIT_IMPORT Std.Do.Triple
AUDIT_IMPORT Std.Do.Internal
AUDIT_IMPORT Std.Do
AUDIT_IMPORT Std.Tactic.Do.ProofMode
AUDIT_IMPORT Std.Tactic.Do.Syntax
AUDIT_IMPORT Lean.Parser.Tactic
AUDIT_IMPORT Lean.Meta.Tactic.FunIndInfo
AUDIT_IMPORT Lean.Meta.Tactic.FunIndCollect
AUDIT_IMPORT Lean.Meta.Tactic.Generalize
AUDIT_IMPORT Lean.Elab.Tactic.Induction
AUDIT_IMPORT Lean.Elab.Tactic.RCases
AUDIT_IMPORT Batteries.Lean.Expr
AUDIT_IMPORT Mathlib.Tactic.Core
AUDIT_IMPORT Mathlib.Tactic.SplitIfs
AUDIT_IMPORT Mathlib.Data.Nat.Cast.Defs
AUDIT_IMPORT Mathlib.Data.Int.Cast.Defs
AUDIT_IMPORT Mathlib.Tactic.Spread
AUDIT_IMPORT Mathlib.Algebra.Ring.Defs
AUDIT_IMPORT Batteries.Classes.RatCast
AUDIT_IMPORT Mathlib.Data.Rat.Init
AUDIT_IMPORT Mathlib.Algebra.Field.Defs
AUDIT_IMPORT Mathlib.Algebra.Group.Int.Defs
AUDIT_IMPORT Mathlib.Logic.Function.Defs
AUDIT_IMPORT Mathlib.Algebra.Notation.Pi.Defs
AUDIT_IMPORT Mathlib.Basic.IsEmpty.Defs
AUDIT_IMPORT Mathlib.Basic.ExistsUnique
AUDIT_IMPORT Mathlib.Basic.Nonempty
AUDIT_IMPORT Batteries.Util.ExtendedBinder
AUDIT_IMPORT Mathlib.Lean.PrettyPrinter.Delaborator
AUDIT_IMPORT Mathlib.Tactic.SetNotationForOrder
AUDIT_IMPORT Mathlib.Tactic.Translate.TagUnfoldBoundary
AUDIT_IMPORT Mathlib.Tactic.Translate.ToDual
AUDIT_IMPORT Mathlib.Tactic.ToDual
AUDIT_IMPORT Mathlib.Data.Set.Defs
AUDIT_IMPORT Batteries.Tactic.Init
AUDIT_IMPORT Mathlib.Tactic.ExtendDoc
AUDIT_IMPORT Mathlib.Order.Defs.Unbundled
AUDIT_IMPORT Mathlib.Logic.Function.Basic
AUDIT_IMPORT Mathlib.Tactic.Inhabit
AUDIT_IMPORT Mathlib.Basic.Unique
AUDIT_IMPORT Mathlib.Data.FunLike.Basic
AUDIT_IMPORT Mathlib.Logic.Function.Conjugate
AUDIT_IMPORT Mathlib.Logic.Function.Iterate
AUDIT_IMPORT Mathlib.Algebra.Group.Hom.Defs
AUDIT_IMPORT Mathlib.Data.FunLike.Embedding
AUDIT_IMPORT Mathlib.Data.FunLike.Equiv
AUDIT_IMPORT Mathlib.Logic.Relator
AUDIT_IMPORT Mathlib.Tactic.Use
AUDIT_IMPORT Mathlib.Tactic.SimpRw
AUDIT_IMPORT Mathlib.Order.Defs.Prop
AUDIT_IMPORT Mathlib.Logic.Relation
AUDIT_IMPORT Lean.Elab.MacroArgUtil
AUDIT_IMPORT Batteries.Linter.UnreachableTactic
AUDIT_IMPORT Lean.Elab.AuxDef
AUDIT_IMPORT Mathlib.Lean.Elab.Term
AUDIT_IMPORT Mathlib.Util.WithWeakNamespace
AUDIT_IMPORT Mathlib.Tactic.ScopedNS
AUDIT_IMPORT Mathlib.Util.Notation3
AUDIT_IMPORT Mathlib.Data.Quot
AUDIT_IMPORT Mathlib.Data.Subtype
AUDIT_IMPORT Mathlib.Logic.Equiv.Defs
AUDIT_IMPORT Mathlib.Algebra.Group.Equiv.Defs
AUDIT_IMPORT Aesop.Script.Tactic
AUDIT_IMPORT Batteries.Lean.Meta.Basic
AUDIT_IMPORT Aesop.Script.GoalWithMVars
AUDIT_IMPORT Aesop.Script.TacticState
AUDIT_IMPORT Aesop.Nanos
AUDIT_IMPORT Batteries.Data.Array.Merge
AUDIT_IMPORT Aesop.Util.UnorderedArraySet
AUDIT_IMPORT Aesop.Index.DiscrTreeConfig
AUDIT_IMPORT Aesop.Util.Basic
AUDIT_IMPORT Aesop.Tracing
AUDIT_IMPORT Batteries.Tactic.PermuteGoals
AUDIT_IMPORT Batteries.Lean.MonadBacktrack
AUDIT_IMPORT Batteries.Lean.Meta.SavedState
AUDIT_IMPORT Aesop.Util.EqualUpToIds
AUDIT_IMPORT Aesop.Script.Util
AUDIT_IMPORT Aesop.Script.Step
AUDIT_IMPORT Aesop.Script.UScript
AUDIT_IMPORT Aesop.Check
AUDIT_IMPORT Aesop.Script.Check
AUDIT_IMPORT Aesop.Rule.Name
AUDIT_IMPORT Aesop.Options.Public
AUDIT_IMPORT Aesop.Stats.Basic
AUDIT_IMPORT Aesop.Options.Internal
AUDIT_IMPORT Aesop.Script.OptimizeSyntax
AUDIT_IMPORT Aesop.Script.SScript
AUDIT_IMPORT Aesop.Script.UScriptToSScript
AUDIT_IMPORT Aesop.Script.StructureDynamic
AUDIT_IMPORT Aesop.Script.StructureStatic
AUDIT_IMPORT Aesop.Script.Main
AUDIT_IMPORT Aesop.Forward.LevelIndex
AUDIT_IMPORT Aesop.Forward.PremiseIndex
AUDIT_IMPORT Aesop.Forward.Substitution
AUDIT_IMPORT Aesop.Index.Basic
AUDIT_IMPORT Aesop.Percent
AUDIT_IMPORT Aesop.RulePattern.Cache
AUDIT_IMPORT Aesop.BaseM
AUDIT_IMPORT Aesop.RuleTac.GoalDiff
AUDIT_IMPORT Aesop.RuleTac.Basic
AUDIT_IMPORT Aesop.Forward.SlotIndex
AUDIT_IMPORT Aesop.RulePattern
AUDIT_IMPORT Aesop.Util.UnionFind
AUDIT_IMPORT Batteries.Lean.TagAttribute
AUDIT_IMPORT Batteries.Lean.AttributeExtra
AUDIT_IMPORT Batteries.Linter.UnnecessarySeqFocus
AUDIT_IMPORT Batteries.Linter
AUDIT_IMPORT Batteries.Tactic.Basic
AUDIT_IMPORT Batteries.Classes.Order
AUDIT_IMPORT Batteries.Data.UInt
AUDIT_IMPORT Batteries.Data.Array.Basic
AUDIT_IMPORT Aesop.Forward.RuleInfo
AUDIT_IMPORT Aesop.RuleTac.RuleTerm
AUDIT_IMPORT Aesop.Rule.Forward
AUDIT_IMPORT Aesop.Forward.Match.Types
AUDIT_IMPORT Aesop.Script.CtorNames
AUDIT_IMPORT Aesop.RuleTac.Descr
AUDIT_IMPORT Aesop.Rule.Basic
AUDIT_IMPORT Aesop.Rule
AUDIT_IMPORT Aesop.ElabM
AUDIT_IMPORT Aesop.RuleTac.ElabRuleTerm
AUDIT_IMPORT Lean.Elab.Tactic.Ext
AUDIT_IMPORT Aesop.Util.Tactic.Ext
AUDIT_IMPORT Aesop.Script.ScriptM
AUDIT_IMPORT Aesop.Util.Tactic
AUDIT_IMPORT Aesop.Util.Unfold
AUDIT_IMPORT Aesop.Util.Tactic.Unfold
AUDIT_IMPORT Lean.Meta.Tactic.Split
AUDIT_IMPORT Aesop.Script.SpecificTactics
AUDIT_IMPORT Aesop.RuleTac.Forward.Basic
AUDIT_IMPORT Batteries.Lean.Meta.UnusedNames
AUDIT_IMPORT Aesop.Forward.Match
AUDIT_IMPORT Aesop.Tree.Data.ForwardRuleMatches
AUDIT_IMPORT Aesop.Constants
AUDIT_IMPORT Aesop.Tree.UnsafeQueue
AUDIT_IMPORT Aesop.EMap
AUDIT_IMPORT Aesop.Forward.State
AUDIT_IMPORT Aesop.Tree.Data
AUDIT_IMPORT Aesop.Search.Queue.Class
AUDIT_IMPORT Aesop.Util.OrderedHashSet
AUDIT_IMPORT Batteries.Lean.Meta.Expr
AUDIT_IMPORT Batteries.Lean.PersistentHashMap
AUDIT_IMPORT Batteries.Lean.Meta.DiscrTree
AUDIT_IMPORT Aesop.Index.RulePattern
AUDIT_IMPORT Batteries.Lean.Meta.InstantiateMVars
AUDIT_IMPORT Batteries.Lean.PersistentHashSet
AUDIT_IMPORT Aesop.Index
AUDIT_IMPORT Aesop.Index.Forward
AUDIT_IMPORT Aesop.RuleSet.Name
AUDIT_IMPORT Aesop.RuleSet.Filter
AUDIT_IMPORT Aesop.RuleSet.Member
AUDIT_IMPORT Aesop.RuleSet
AUDIT_IMPORT Aesop.Forward.State.Initial
AUDIT_IMPORT Aesop.Tree.TreeM
AUDIT_IMPORT Aesop.Search.SearchM
AUDIT_IMPORT Aesop.Tree.RunMetaM
AUDIT_IMPORT Aesop.Tree.Traversal
AUDIT_IMPORT Aesop.Tree.State
AUDIT_IMPORT Batteries.Lean.HashSet
AUDIT_IMPORT Aesop.Forward.State.ApplyGoalDiff
AUDIT_IMPORT Aesop.RuleTac.Apply
AUDIT_IMPORT Aesop.RuleTac.Cases
AUDIT_IMPORT Aesop.RuleTac.Forward
AUDIT_IMPORT Aesop.RuleTac.Preprocess
AUDIT_IMPORT Aesop.RuleTac.Tactic
AUDIT_IMPORT Aesop.RuleTac
AUDIT_IMPORT Aesop.Search.Expansion.Basic
AUDIT_IMPORT Aesop.Search.Expansion.Simp
AUDIT_IMPORT Aesop.Search.RuleSelection
AUDIT_IMPORT Aesop.Search.Expansion.Norm
AUDIT_IMPORT Aesop.Tree.AddRapp
AUDIT_IMPORT Aesop.Forward.State.UpdateGoal
AUDIT_IMPORT Aesop.Search.Expansion
AUDIT_IMPORT Aesop.Exception
AUDIT_IMPORT Aesop.Search.ExpandSafePrefix
AUDIT_IMPORT Aesop.Tree.Check
AUDIT_IMPORT Aesop.Tree.ExtractProof
AUDIT_IMPORT Aesop.Tree.ExtractScript
AUDIT_IMPORT Aesop.Tree.Tracing
AUDIT_IMPORT Aesop.Frontend.Extension.Init
AUDIT_IMPORT Aesop.Frontend.Extension
AUDIT_IMPORT Batteries.Control.ForInStep.Basic
AUDIT_IMPORT Batteries.Data.BinomialHeap.Basic
AUDIT_IMPORT Aesop.Search.Queue
AUDIT_IMPORT Aesop.Tree.Free
AUDIT_IMPORT Aesop.Tree.Stats
AUDIT_IMPORT Aesop.Search.Main
AUDIT_IMPORT Aesop.Builder.Basic
AUDIT_IMPORT Aesop.Builder.Cases
AUDIT_IMPORT Aesop.Builder.Constructors
AUDIT_IMPORT Aesop.Builder.NormSimp
AUDIT_IMPORT Aesop.Builder.Tactic
AUDIT_IMPORT Aesop.Builder.Apply
AUDIT_IMPORT Aesop.Builder.Default
AUDIT_IMPORT Aesop.Builder.Forward
AUDIT_IMPORT Aesop.Builder.Unfold
AUDIT_IMPORT Aesop.Frontend.RuleExpr
AUDIT_IMPORT Aesop.Frontend.Tactic
AUDIT_IMPORT Aesop.Stats.Extension
AUDIT_IMPORT Aesop.Stats.File
AUDIT_IMPORT Aesop.Main
AUDIT_IMPORT Aesop.Frontend.Attribute
AUDIT_IMPORT Aesop.Frontend.Basic
AUDIT_IMPORT Aesop.Stats.Report
AUDIT_IMPORT Aesop.Frontend.Command
AUDIT_IMPORT Aesop.Saturate
AUDIT_IMPORT Aesop.Frontend.Saturate
AUDIT_IMPORT Aesop.Frontend
AUDIT_IMPORT Aesop.BuiltinRules.Assumption
AUDIT_IMPORT Aesop.BuiltinRules.ApplyHyps
AUDIT_IMPORT Aesop.BuiltinRules.DestructProducts
AUDIT_IMPORT Aesop.BuiltinRules.Ext
AUDIT_IMPORT Aesop.BuiltinRules.Intros
AUDIT_IMPORT Aesop.BuiltinRules.Rfl
AUDIT_IMPORT Aesop.BuiltinRules.Split
AUDIT_IMPORT Aesop.BuiltinRules.Subst
AUDIT_IMPORT Aesop.BuiltinRules
AUDIT_IMPORT Aesop
AUDIT_IMPORT Lean.Elab.Do.ForwardSyntax
AUDIT_IMPORT Lean.Elab.Quotation
AUDIT_IMPORT Lean.Elab.Do.PatternVar
AUDIT_IMPORT Lean.Elab.Do.InferControlInfo
AUDIT_IMPORT Lean.Meta.ProdN
AUDIT_IMPORT Lean.Parser
AUDIT_IMPORT Lean.Elab.Do.Basic
AUDIT_IMPORT Lean.Elab.Do.Control
AUDIT_IMPORT Lean.Elab.Do.Legacy
AUDIT_IMPORT Lean.Elab.Do.Switch
AUDIT_IMPORT Lean.Elab.Do
AUDIT_IMPORT Lean.Elab.Tactic.RenameInaccessibles
AUDIT_IMPORT Lean.Elab.Tactic.BuiltinTactic
AUDIT_IMPORT Lean.Elab.Tactic.Conv.Basic
AUDIT_IMPORT Lean.Meta.Tactic.Rewrite
AUDIT_IMPORT Lean.Elab.Tactic.Rewrite
AUDIT_IMPORT Mathlib.Tactic.DepRewrite
AUDIT_IMPORT Mathlib.Data.Int.Init
AUDIT_IMPORT Mathlib.Algebra.Group.Basic
AUDIT_IMPORT Mathlib.Algebra.Group.Hom.Basic
AUDIT_IMPORT Mathlib.Lean.Meta.CongrTheorems
AUDIT_IMPORT Mathlib.Tactic.Relation.Rfl
AUDIT_IMPORT Mathlib.Tactic.CongrExclamation
AUDIT_IMPORT Mathlib.Tactic.Convert
AUDIT_IMPORT Mathlib.Control.EquivFunctor
AUDIT_IMPORT Mathlib.Control.Combinators
AUDIT_IMPORT Mathlib.Data.Option.Defs
AUDIT_IMPORT Mathlib.Data.Option.Basic
AUDIT_IMPORT Mathlib.Logic.Equiv.Option
AUDIT_IMPORT Mathlib.Data.Sigma.Basic
AUDIT_IMPORT Lean.Elab.Tactic.Split
AUDIT_IMPORT Lean.Elab.ElabRules
AUDIT_IMPORT Lean.Elab.Tactic.SimpTrace
AUDIT_IMPORT Lean.Elab.Tactic.Conv.Simp
AUDIT_IMPORT Mathlib.Tactic.Conv
AUDIT_IMPORT Mathlib.Util.AtLocation
AUDIT_IMPORT Mathlib.Tactic.Push
AUDIT_IMPORT Mathlib.Tactic.Contrapose
AUDIT_IMPORT Lean.Compiler.CSimpAttr
AUDIT_IMPORT Mathlib.Util.CompileInductive
AUDIT_IMPORT Mathlib.Logic.Equiv.Prod
AUDIT_IMPORT Mathlib.Tactic.Coe
AUDIT_IMPORT Mathlib.Logic.Equiv.Sum
AUDIT_IMPORT Mathlib.Tactic.Lift
AUDIT_IMPORT Mathlib.Logic.Equiv.Basic
AUDIT_IMPORT Mathlib.Algebra.Group.Equiv.Basic
AUDIT_IMPORT Mathlib.Algebra.Group.Semiconj.Defs
AUDIT_IMPORT Mathlib.Algebra.Group.Commute.Defs
AUDIT_IMPORT Mathlib.Algebra.Group.InjSurj
AUDIT_IMPORT Mathlib.Algebra.Group.SelfInv
AUDIT_IMPORT Mathlib.Algebra.Group.Torsion
AUDIT_IMPORT Mathlib.Algebra.Opposites
AUDIT_IMPORT Mathlib.Algebra.Group.Opposite
AUDIT_IMPORT Mathlib.Algebra.Group.Equiv.Opposite
AUDIT_IMPORT Mathlib.Algebra.Notation.Pi.Basic
AUDIT_IMPORT Mathlib.Algebra.Group.TypeTags.Basic
AUDIT_IMPORT Mathlib.Data.Set.CoeSort
AUDIT_IMPORT Mathlib.Tactic.ToExpr
AUDIT_IMPORT Mathlib.Tactic.FBinop
AUDIT_IMPORT Mathlib.Data.SProd
AUDIT_IMPORT Qq.ForLean.ReduceEval
AUDIT_IMPORT Qq.ForLean.ToExpr
AUDIT_IMPORT Qq.Typ
AUDIT_IMPORT Qq.Macro
AUDIT_IMPORT Qq.Delab
AUDIT_IMPORT Qq.MetaM
AUDIT_IMPORT Qq.Simp
AUDIT_IMPORT Qq.ForLean.Do
AUDIT_IMPORT Qq.SortLocalDecls
AUDIT_IMPORT Qq.MatchImpl
AUDIT_IMPORT Qq.Match
AUDIT_IMPORT Qq.AssertInstancesCommute
AUDIT_IMPORT Qq.Commands
AUDIT_IMPORT Qq
AUDIT_IMPORT Mathlib.Order.Notation
AUDIT_IMPORT Mathlib.Data.Set.Operations
AUDIT_IMPORT Mathlib.Algebra.Group.Even
AUDIT_IMPORT Mathlib.Algebra.Group.Nat.Defs
AUDIT_IMPORT Mathlib.Data.Ordering.Basic
AUDIT_IMPORT Mathlib.Order.Defs.PartialOrder
AUDIT_IMPORT Mathlib.Order.Defs.LinearOrder
AUDIT_IMPORT Batteries.Lean.Except
AUDIT_IMPORT Batteries.Tactic.Exact
AUDIT_IMPORT Mathlib.Tactic.GCongr.ForwardAttr
AUDIT_IMPORT Mathlib.Tactic.GCongr.Core
AUDIT_IMPORT Batteries.Control.Lemmas
AUDIT_IMPORT Batteries.Control.LawfulMonadState
AUDIT_IMPORT Batteries.Control.OptionT
AUDIT_IMPORT Batteries.Control.AlternativeMonad
AUDIT_IMPORT Batteries.Data.MLList.Basic
AUDIT_IMPORT Batteries.Control.Nondet.Basic
AUDIT_IMPORT Lean.Elab.BuiltinCommand
AUDIT_IMPORT Mathlib.Tactic.PPWithUniv
AUDIT_IMPORT Mathlib.Tactic.Basic
AUDIT_IMPORT Mathlib.Tactic.Hint
AUDIT_IMPORT Mathlib.Tactic.GCongr
AUDIT_IMPORT Mathlib.Data.Nat.Basic
AUDIT_IMPORT Mathlib.Data.Nat.Sqrt
AUDIT_IMPORT Mathlib.Algebra.Group.Nat.Even
AUDIT_IMPORT Plausible.Random
AUDIT_IMPORT Plausible.Gen
AUDIT_IMPORT Plausible.Arbitrary
AUDIT_IMPORT Plausible.Shrinkable
AUDIT_IMPORT Plausible.Sampleable
AUDIT_IMPORT Lean.Linter.MissingDocs
AUDIT_IMPORT Lean.Elab.Tactic.Config
AUDIT_IMPORT Plausible.Testable
AUDIT_IMPORT Plausible.Functions
AUDIT_IMPORT Plausible.Attr
AUDIT_IMPORT Plausible.Tactic
AUDIT_IMPORT Lean.Elab.Deriving.Basic
AUDIT_IMPORT Lean.Elab.Deriving.Util
AUDIT_IMPORT Plausible.ArbitraryFueled
AUDIT_IMPORT Plausible.DeriveArbitrary
AUDIT_IMPORT Plausible.DeriveShrinkable
AUDIT_IMPORT Plausible
AUDIT_IMPORT Batteries.Tactic.Case
AUDIT_IMPORT Batteries.Tactic.GeneralizeProofs
AUDIT_IMPORT Batteries.CodeAction.Attr
AUDIT_IMPORT Batteries.CodeAction.Basic
AUDIT_IMPORT Batteries.CodeAction.Misc
AUDIT_IMPORT Batteries.Data.List.Basic
AUDIT_IMPORT Batteries.CodeAction.Match
AUDIT_IMPORT Batteries.CodeAction
AUDIT_IMPORT LeanSearchClient.Basic
AUDIT_IMPORT Lean.Elab.Tactic.Meta
AUDIT_IMPORT LeanSearchClient.Syntax
AUDIT_IMPORT LeanSearchClient.LoogleSyntax
AUDIT_IMPORT LeanSearchClient
AUDIT_IMPORT Mathlib.Tactic.ApplyCongr
AUDIT_IMPORT Mathlib.Lean.Meta.Basic
AUDIT_IMPORT Mathlib.Tactic.ApplyAt
AUDIT_IMPORT Mathlib.Tactic.ApplyWith
AUDIT_IMPORT Mathlib.Tactic.ByCases
AUDIT_IMPORT Mathlib.Tactic.ByContra
AUDIT_IMPORT Lean.Elab.Tactic.Conv.Pattern
AUDIT_IMPORT Mathlib.Tactic.CasesM
AUDIT_IMPORT Mathlib.Tactic.Check
AUDIT_IMPORT Mathlib.Tactic.Choose
AUDIT_IMPORT Mathlib.Tactic.ClearExclamation
AUDIT_IMPORT Mathlib.Tactic.ClearExcept
AUDIT_IMPORT Mathlib.Tactic.Clear_
AUDIT_IMPORT ProofWidgets.Compat
AUDIT_IMPORT ProofWidgets.Component.Basic
AUDIT_IMPORT ProofWidgets.Component.MakeEditLink
AUDIT_IMPORT Lean.Widget.Commands
AUDIT_IMPORT ProofWidgets.Component.Panel.Basic
AUDIT_IMPORT ProofWidgets.Util
AUDIT_IMPORT ProofWidgets.Data.Html
AUDIT_IMPORT ProofWidgets.Component.RefreshComponent
AUDIT_IMPORT Mathlib.Tactic.GRewrite.Core
AUDIT_IMPORT Mathlib.Tactic.GRewrite.Elab
AUDIT_IMPORT Mathlib.Tactic.GRewrite
AUDIT_IMPORT Mathlib.Tactic.NthRewrite
AUDIT_IMPORT Mathlib.Tactic.ClickSuggestions.Util
AUDIT_IMPORT ProofWidgets.Component.FilterDetails
AUDIT_IMPORT Mathlib.Tactic.ClickSuggestions.SectionState
AUDIT_IMPORT Mathlib.Tactic.Attr.Core
AUDIT_IMPORT Mathlib.Control.Basic
AUDIT_IMPORT Mathlib.Tactic.ClickSuggestions.Rewrite
AUDIT_IMPORT Lean.Meta.ExprLens
AUDIT_IMPORT Mathlib.Tactic.ClickSuggestions.GRewrite
AUDIT_IMPORT Mathlib.Tactic.ClickSuggestions.Apply
AUDIT_IMPORT Mathlib.Tactic.ClickSuggestions.ApplyAt
AUDIT_IMPORT Mathlib.Lean.FoldEnvironment
AUDIT_IMPORT Mathlib.Lean.Meta.RefinedDiscrTree.Basic
AUDIT_IMPORT Lean.Meta.LazyDiscrTree
AUDIT_IMPORT Mathlib.Lean.Meta.RefinedDiscrTree.Encode
AUDIT_IMPORT Mathlib.Lean.Meta.RefinedDiscrTree.Lookup
AUDIT_IMPORT Mathlib.Lean.Meta.RefinedDiscrTree.Initialize
AUDIT_IMPORT Mathlib.Lean.Meta.RefinedDiscrTree
AUDIT_IMPORT Mathlib.Tactic.ClickSuggestions.FindPremises
AUDIT_IMPORT Mathlib.Tactic.ClickSuggestions.TryPremises
AUDIT_IMPORT Mathlib.Tactic.ClickSuggestions.Unfold
AUDIT_IMPORT Mathlib.Lean.Meta.KAbstractPositions
AUDIT_IMPORT Lean.Server.FileWorker.ExampleHover
AUDIT_IMPORT Lean.Server.GoTo
AUDIT_IMPORT Lean.Server.FileWorker.InlayHints
AUDIT_IMPORT Lean.Server.FileWorker.SemanticHighlighting
AUDIT_IMPORT Lean.Server.FileWorker.SignatureHelp
AUDIT_IMPORT Lean.Server.Completion.CompletionUtils
AUDIT_IMPORT Lean.Data.FuzzyMatching
AUDIT_IMPORT Lean.Server.Completion.SyntheticCompletion
AUDIT_IMPORT Lean.Server.Completion.CompletionInfoSelection
AUDIT_IMPORT Lean.Server.Completion.CompletionResolution
AUDIT_IMPORT Lean.Server.Completion.EligibleHeaderDecls
AUDIT_IMPORT Lean.Server.Completion.CompletionCollectors
AUDIT_IMPORT Std.Data.DHashMap.Internal.Raw
AUDIT_IMPORT Std.Data.DHashMap.Internal.HashesTo
AUDIT_IMPORT Std.Data.DHashMap.Internal.AssocList.Lemmas
AUDIT_IMPORT Std.Data.DHashMap.Internal.Model
AUDIT_IMPORT Std.Data.DHashMap.Internal.WF
AUDIT_IMPORT Std.Data.DHashMap.AdditionalOperations
AUDIT_IMPORT Std.Data.HashMap.AdditionalOperations
AUDIT_IMPORT Std.Data.DHashMap.Internal.RawLemmas
AUDIT_IMPORT Std.Internal.ForIn.Basic
AUDIT_IMPORT Std.Data.DHashMap.Lemmas
AUDIT_IMPORT Std.Data.HashMap.Lemmas
AUDIT_IMPORT Std.Data.Iterators.Producers.Monadic.Vector
AUDIT_IMPORT Std.Data.Iterators.Producers.Monadic.Empty
AUDIT_IMPORT Std.Data.Iterators.Producers.Monadic
AUDIT_IMPORT Std.Data.Iterators.Producers.Vector
AUDIT_IMPORT Std.Data.Iterators.Producers.Empty
AUDIT_IMPORT Std.Data.Iterators.Producers.Repeat
AUDIT_IMPORT Std.Data.Iterators.Producers.Slice
AUDIT_IMPORT Std.Data.Iterators.Producers
AUDIT_IMPORT Std.Data.Iterators.Combinators.Monadic.TakeWhile
AUDIT_IMPORT Std.Data.Iterators.Combinators.Monadic.Drop
AUDIT_IMPORT Std.Data.Iterators.Combinators.Monadic.DropWhile
AUDIT_IMPORT Std.Data.Iterators.Combinators.Monadic
AUDIT_IMPORT Std.Data.Iterators.Combinators.TakeWhile
AUDIT_IMPORT Std.Data.Iterators.Combinators.Drop
AUDIT_IMPORT Std.Data.Iterators.Combinators.DropWhile
AUDIT_IMPORT Std.Data.Iterators.Combinators
AUDIT_IMPORT Std.Data.Iterators.Lemmas.Monadic
AUDIT_IMPORT Std.Data.Iterators.Lemmas.Equivalence.HetT
AUDIT_IMPORT Std.Data.Iterators.Lemmas.Equivalence.Basic
AUDIT_IMPORT Std.Data.Iterators.Lemmas.Equivalence.StepCongr
AUDIT_IMPORT Std.Data.Iterators.Lemmas.Consumers.Monadic.Collect
AUDIT_IMPORT Std.Data.Iterators.Lemmas.Consumers.Monadic.Loop
AUDIT_IMPORT Std.Data.ExtDHashMap.Basic
AUDIT_IMPORT Std.Data.ExtHashMap.Basic
AUDIT_IMPORT Std.Data.ExtHashSet.Basic
AUDIT_IMPORT Std.Data.DTreeMap.Internal.Lemmas
AUDIT_IMPORT Std.Data.DTreeMap.Lemmas
AUDIT_IMPORT Std.Data.ExtDTreeMap.Basic
AUDIT_IMPORT Std.Data.ExtTreeMap.Basic
AUDIT_IMPORT Std.Data.ExtTreeSet.Basic
AUDIT_IMPORT Std.Data.Iterators.Consumers.Monadic.Set
AUDIT_IMPORT Std.Data.ExtDHashMap.Lemmas
AUDIT_IMPORT Std.Data.ExtHashMap.Lemmas
AUDIT_IMPORT Std.Data.ExtHashSet.Lemmas
AUDIT_IMPORT Std.Data.ExtDTreeMap.Lemmas
AUDIT_IMPORT Std.Data.ExtTreeMap.Lemmas
AUDIT_IMPORT Std.Data.ExtTreeSet.Lemmas
AUDIT_IMPORT Std.Data.Iterators.Lemmas.Consumers.Monadic.Set
AUDIT_IMPORT Std.Data.Iterators.Lemmas.Consumers.Monadic
AUDIT_IMPORT Std.Data.Iterators.Lemmas.Combinators.Monadic.TakeWhile
AUDIT_IMPORT Std.Data.Iterators.Lemmas.Combinators.Monadic.Drop
AUDIT_IMPORT Std.Data.Iterators.Lemmas.Combinators.Monadic.DropWhile
AUDIT_IMPORT Std.Data.Iterators.Lemmas.Combinators.Monadic.FilterMap
AUDIT_IMPORT Std.Data.Iterators.Lemmas.Combinators.Monadic.Zip
AUDIT_IMPORT Std.Data.Iterators.Lemmas.Combinators.Monadic
AUDIT_IMPORT Std.Data.Iterators.Lemmas.Consumers.Collect
AUDIT_IMPORT Std.Data.Iterators.Lemmas.Consumers.Loop
AUDIT_IMPORT Std.Data.Iterators.Consumers.Set
AUDIT_IMPORT Std.Data.HashSet.Lemmas
AUDIT_IMPORT Std.Data.TreeMap.Lemmas
AUDIT_IMPORT Std.Data.TreeSet.Raw.Basic
AUDIT_IMPORT Std.Data.TreeSet.AdditionalOperations
AUDIT_IMPORT Std.Data.TreeSet.Lemmas
AUDIT_IMPORT Std.Data.Iterators.Lemmas.Consumers.Set
AUDIT_IMPORT Std.Data.Iterators.Lemmas.Consumers
AUDIT_IMPORT Std.Data.Iterators.Lemmas.Combinators.TakeWhile
AUDIT_IMPORT Std.Data.Iterators.Lemmas.Combinators.Drop
AUDIT_IMPORT Std.Data.Iterators.Lemmas.Combinators.DropWhile
AUDIT_IMPORT Std.Data.Iterators.Lemmas.Combinators.Zip
AUDIT_IMPORT Std.Data.Iterators.Lemmas.Combinators
AUDIT_IMPORT Std.Data.Iterators.Lemmas.Producers.Monadic.List
AUDIT_IMPORT Std.Data.Iterators.Lemmas.Producers.Monadic.Array
AUDIT_IMPORT Std.Data.Iterators.Lemmas.Producers.Monadic.Vector
AUDIT_IMPORT Std.Data.Iterators.Lemmas.Producers.Monadic.Empty
AUDIT_IMPORT Std.Data.Iterators.Lemmas.Producers.Monadic
AUDIT_IMPORT Std.Data.Iterators.Lemmas.Producers.Array
AUDIT_IMPORT Std.Data.Iterators.Lemmas.Producers.Vector
AUDIT_IMPORT Std.Data.Iterators.Lemmas.Producers.Empty
AUDIT_IMPORT Std.Data.Iterators.Lemmas.Producers.Repeat
AUDIT_IMPORT Std.Data.Iterators.Lemmas.Producers.Range
AUDIT_IMPORT Std.Data.Iterators.Lemmas.Producers.Slice
AUDIT_IMPORT Std.Data.Iterators.Lemmas.Producers
AUDIT_IMPORT Std.Data.Iterators.Lemmas.Equivalence
AUDIT_IMPORT Std.Data.Iterators.Lemmas
AUDIT_IMPORT Std.Data.Iterators.Consumers.Monadic
AUDIT_IMPORT Std.Data.Iterators.Consumers
AUDIT_IMPORT Std.Data.Iterators
AUDIT_IMPORT Std.Data.DHashMap.RawLemmas
AUDIT_IMPORT Std.Data.DHashMap.IteratorLemmas
AUDIT_IMPORT Std.Data.HashMap.RawLemmas
AUDIT_IMPORT Std.Data.HashMap.IteratorLemmas
AUDIT_IMPORT Std.Data.DHashMap.DecidableEquiv
AUDIT_IMPORT Std.Data.HashMap.DecidableEquiv
AUDIT_IMPORT Std.Data.HashMap
AUDIT_IMPORT Lean.Server.Completion
AUDIT_IMPORT Lean.Server.References
AUDIT_IMPORT Lean.Server.Completion.CompletionItemCompression
AUDIT_IMPORT Lean.Widget.Diff
AUDIT_IMPORT Lean.Server.FileWorker.RequestHandling
AUDIT_IMPORT Mathlib.Lean.GoalsLocation
AUDIT_IMPORT ProofWidgets.Cancellable
AUDIT_IMPORT ProofWidgets.Component.OfRpcMethod
AUDIT_IMPORT Mathlib.Tactic.ClickSuggestions
AUDIT_IMPORT Mathlib.Tactic.TermCongr
AUDIT_IMPORT Mathlib.Tactic.CongrM
AUDIT_IMPORT Mathlib.Tactic.Constructor
AUDIT_IMPORT Mathlib.Lean.MessageData.Trace
AUDIT_IMPORT Mathlib.Tactic.DefEqAbuse
AUDIT_IMPORT Mathlib.Tactic.DefEqTransformations
AUDIT_IMPORT Mathlib.Tactic.DeprecateTo
AUDIT_IMPORT Mathlib.Tactic.DSimpPercent
AUDIT_IMPORT Mathlib.Tactic.ErwQuestion
AUDIT_IMPORT Mathlib.Tactic.ExistsI
AUDIT_IMPORT Mathlib.Tactic.FailIfNoProgress
AUDIT_IMPORT Batteries.Util.Cache
AUDIT_IMPORT Mathlib.Tactic.Find
AUDIT_IMPORT Mathlib.Tactic.FunProp.Decl
AUDIT_IMPORT Mathlib.Tactic.FunProp.Mor
AUDIT_IMPORT Mathlib.Tactic.FunProp.ToBatteries
AUDIT_IMPORT Mathlib.Tactic.FunProp.FunctionData
AUDIT_IMPORT Mathlib.Tactic.FunProp.Types
AUDIT_IMPORT Mathlib.Tactic.FunProp.Theorems
AUDIT_IMPORT Mathlib.Tactic.FunProp.Attr
AUDIT_IMPORT Mathlib.Tactic.FunProp.Core
AUDIT_IMPORT Mathlib.Tactic.InferParam
AUDIT_IMPORT Mathlib.Tactic.FunProp.Elab
AUDIT_IMPORT Mathlib.Tactic.FunProp
AUDIT_IMPORT Lean.Meta.Tactic.Grind.Theorems
AUDIT_IMPORT Lean.Meta.Tactic.Grind.Extension
AUDIT_IMPORT Lean.Meta.Sym.ExprPtr
AUDIT_IMPORT Lean.Meta.Sym.AlphaShareCommon
AUDIT_IMPORT Lean.Meta.Sym.SymM
AUDIT_IMPORT Lean.Meta.Sym.Util
AUDIT_IMPORT Lean.Meta.Tactic.Grind.Util
AUDIT_IMPORT Lean.Meta.Sym.Eta
AUDIT_IMPORT Lean.Meta.Tactic.Grind.EMatchTheorem
AUDIT_IMPORT Lean.Meta.Tactic.Grind.Injective
AUDIT_IMPORT Lean.Meta.Tactic.Grind.Cases
AUDIT_IMPORT Lean.Meta.Tactic.Grind.ExtAttr
AUDIT_IMPORT Lean.Meta.Sym.AlphaShareBuilder
AUDIT_IMPORT Lean.Meta.Sym.ReplaceS
AUDIT_IMPORT Lean.Meta.Sym.LooseBVarsS
AUDIT_IMPORT Lean.Meta.Sym.InstantiateS
AUDIT_IMPORT Lean.Meta.Sym.AbstractS
AUDIT_IMPORT Lean.Meta.Sym.InstantiateMVarsS
AUDIT_IMPORT Lean.Meta.Sym.IsClass
AUDIT_IMPORT Lean.Meta.Sym.MaxFVar
AUDIT_IMPORT Lean.Meta.Sym.ProofInstInfo
AUDIT_IMPORT Lean.Meta.Sym.LitValues
AUDIT_IMPORT Lean.Meta.Sym.Offset
AUDIT_IMPORT Lean.Meta.Sym.Pattern
AUDIT_IMPORT Lean.Meta.Sym.Simp.DiscrTree
AUDIT_IMPORT Lean.Meta.Sym.Simp.Theorems
AUDIT_IMPORT Lean.Meta.Sym.Simp.Attr
AUDIT_IMPORT Lean.Meta.Tactic.Grind.Homo
AUDIT_IMPORT Lean.Meta.Tactic.Grind.Attr
AUDIT_IMPORT Lean.Meta.Tactic.Grind.RegisterCommand
AUDIT_IMPORT Mathlib.Tactic.GrindAttrs
AUDIT_IMPORT Mathlib.Tactic.GuardGoalNums
AUDIT_IMPORT Mathlib.Tactic.GuardHypNums
AUDIT_IMPORT Mathlib.Tactic.HigherOrder
AUDIT_IMPORT Mathlib.Util.TermReduce
AUDIT_IMPORT Mathlib.Tactic.IrreducibleDef
AUDIT_IMPORT Mathlib.Tactic.Linter.HaveLetLinter
AUDIT_IMPORT Mathlib.Tactic.Linter.MinImports
AUDIT_IMPORT Mathlib.Tactic.Linter.PPRoundtrip
AUDIT_IMPORT Mathlib.Tactic.Linter.UpstreamableDecl
AUDIT_IMPORT Mathlib.Tactic.Linter
AUDIT_IMPORT Lean.Meta.Iterator
AUDIT_IMPORT Lean.Meta.Tactic.IndependentOf
AUDIT_IMPORT Lean.Meta.Tactic.Backtrack
AUDIT_IMPORT Lean.Meta.Tactic.Repeat
AUDIT_IMPORT Lean.Meta.Tactic.SolveByElim
AUDIT_IMPORT Lean.Meta.Tactic.Grind.CheckResult
AUDIT_IMPORT Lean.Meta.Sym.SynthInstance
AUDIT_IMPORT Lean.Meta.Sym.Canon
AUDIT_IMPORT Lean.Meta.Tactic.Grind.Types
AUDIT_IMPORT Lean.Meta.Tactic.Grind.MarkAccessible
AUDIT_IMPORT Lean.Meta.Tactic.Grind.Proj
AUDIT_IMPORT Lean.Meta.Sym.Arith.Poly
AUDIT_IMPORT Lean.Meta.Tactic.Grind.Arith.CommRing.Types
AUDIT_IMPORT Lean.Meta.Tactic.Grind.Arith.Util
AUDIT_IMPORT Lean.Meta.Tactic.Grind.Arith.Cutsat.ToIntInfo
AUDIT_IMPORT Lean.Meta.Tactic.Grind.Arith.Cutsat.Types
AUDIT_IMPORT Lean.Meta.Tactic.Grind.Arith.Cutsat.Util
AUDIT_IMPORT Lean.Meta.Tactic.Grind.SynthInstance
AUDIT_IMPORT Lean.Meta.Tactic.Grind.MatchDiscrOnly
AUDIT_IMPORT Lean.Meta.Tactic.Grind.MarkNestedSubsingletons
AUDIT_IMPORT Lean.Meta.Tactic.Grind.Simp
AUDIT_IMPORT Lean.Meta.Tactic.Grind.Arith.EvalNum
AUDIT_IMPORT Lean.Meta.Tactic.Grind.Arith.Cutsat.ToInt
AUDIT_IMPORT Lean.Meta.Tactic.Grind.OrderInsts
AUDIT_IMPORT Lean.Meta.Sym.Arith.Types
AUDIT_IMPORT Lean.Meta.Sym.Arith.MonadCanon
AUDIT_IMPORT Lean.Meta.Tactic.Grind.Arith.CommRing.MonadRing
AUDIT_IMPORT Lean.Meta.Tactic.Grind.Arith.CommRing.RingM
AUDIT_IMPORT Lean.Meta.Tactic.Grind.Arith.Insts
AUDIT_IMPORT Lean.Meta.Tactic.Grind.Arith.CommRing.RingId
AUDIT_IMPORT Lean.Meta.Tactic.Grind.Arith.Linear.Types
AUDIT_IMPORT Lean.Meta.Tactic.Grind.Arith.Linear.LinearM
AUDIT_IMPORT Lean.Meta.Tactic.Grind.Arith.Linear.Util
AUDIT_IMPORT Lean.Meta.Tactic.Grind.Arith.Linear.Var
AUDIT_IMPORT Lean.Meta.Tactic.Grind.Arith.Linear.StructId
AUDIT_IMPORT Lean.Meta.Tactic.Grind.Arith.IsRelevant
AUDIT_IMPORT Lean.Meta.Tactic.Grind.Beta
AUDIT_IMPORT Lean.Meta.Tactic.Grind.ProveEq
AUDIT_IMPORT Lean.Meta.Tactic.Grind.Proof
AUDIT_IMPORT Lean.Meta.Tactic.Grind.PropagatorAttr
AUDIT_IMPORT Lean.Meta.Tactic.Grind.MatchCond
AUDIT_IMPORT Lean.Meta.Tactic.Grind.PropagateInj
AUDIT_IMPORT Lean.Meta.Tactic.Grind.Internalize
AUDIT_IMPORT Lean.Meta.Tactic.Grind.Anchor
AUDIT_IMPORT Lean.Meta.Tactic.Grind.EqResolution
AUDIT_IMPORT Lean.Meta.Tactic.Grind.ForallProp
AUDIT_IMPORT Lean.Meta.CtorIdxHInj
AUDIT_IMPORT Lean.Meta.Tactic.Grind.CtorIdx
AUDIT_IMPORT Lean.Meta.Tactic.Grind.Action
AUDIT_IMPORT Lean.Meta.Match.AltTelescopes
AUDIT_IMPORT Lean.Meta.Match.MatcherApp.Transform
AUDIT_IMPORT Lean.Meta.Match.MatcherApp
AUDIT_IMPORT Lean.Meta.Tactic.Grind.CasesMatch
AUDIT_IMPORT Lean.Meta.Tactic.Grind.Injection
AUDIT_IMPORT Lean.Meta.Tactic.Grind.Inv
AUDIT_IMPORT Lean.Meta.Tactic.Grind.Arith.CommRing.Functions
AUDIT_IMPORT Lean.Meta.Tactic.Grind.Arith.CommRing.DenoteExpr
AUDIT_IMPORT Lean.Meta.Tactic.Grind.Arith.CommRing.PP
AUDIT_IMPORT Lean.Meta.Tactic.Grind.Arith.Linear.Reify
AUDIT_IMPORT Lean.Meta.Tactic.Grind.Arith.ModelUtil
AUDIT_IMPORT Lean.Meta.Tactic.Grind.Arith.Linear.Model
AUDIT_IMPORT Lean.Meta.Tactic.Grind.Arith.Linear.PP
AUDIT_IMPORT Lean.Meta.Tactic.Grind.AC.Seq
AUDIT_IMPORT Lean.Meta.Tactic.Grind.AC.Types
AUDIT_IMPORT Lean.Meta.Tactic.Grind.AC.Util
AUDIT_IMPORT Lean.Meta.Tactic.Grind.AC.DenoteExpr
AUDIT_IMPORT Lean.Meta.Tactic.Grind.AC.PP
AUDIT_IMPORT Lean.Meta.Tactic.Grind.CastLike
AUDIT_IMPORT Lean.Meta.Tactic.Grind.Arith.Cutsat.Model
AUDIT_IMPORT Lean.Meta.Tactic.Grind.PP
AUDIT_IMPORT Lean.Meta.SameCtorUtils
AUDIT_IMPORT Lean.Meta.Injective
AUDIT_IMPORT Lean.Meta.Tactic.Grind.Ctor
AUDIT_IMPORT Lean.Meta.Tactic.Grind.Core
AUDIT_IMPORT Lean.Meta.Tactic.Grind.Intro
AUDIT_IMPORT Lean.Util.ParamMinimizer
AUDIT_IMPORT Lean.Meta.Tactic.Grind.EMatch
AUDIT_IMPORT Lean.Meta.Tactic.Grind.EMatchTheoremParam
AUDIT_IMPORT Lean.Meta.Tactic.Grind.EMatchTheoremPtr
AUDIT_IMPORT Lean.Meta.Tactic.Grind.EMatchAction
AUDIT_IMPORT Lean.Meta.Tactic.Grind.Split
AUDIT_IMPORT Lean.Meta.Tactic.Grind.Finish
AUDIT_IMPORT Lean.Meta.Tactic.Grind.Solve
AUDIT_IMPORT Lean.Meta.Tactic.Grind.Arith.FieldNormNum
AUDIT_IMPORT Lean.Meta.Tactic.Grind.Arith.Simproc
AUDIT_IMPORT Lean.Meta.Tactic.Grind.SimpUtil
AUDIT_IMPORT Lean.Meta.Tactic.Grind.LawfulEqCmp
AUDIT_IMPORT Lean.Meta.Tactic.Grind.ReflCmp
AUDIT_IMPORT Lean.Meta.Tactic.Grind.Main
AUDIT_IMPORT Lean.Meta.Tactic.LibrarySearch
AUDIT_IMPORT Mathlib.Tactic.Observe
AUDIT_IMPORT Mathlib.Tactic.RSuffices
AUDIT_IMPORT Mathlib.Tactic.Recover
AUDIT_IMPORT Mathlib.Tactic.Rename
AUDIT_IMPORT Mathlib.Util.Tactic
AUDIT_IMPORT Mathlib.Tactic.RenameBVar
AUDIT_IMPORT Mathlib.Tactic.Says
AUDIT_IMPORT Mathlib.Tactic.Set
AUDIT_IMPORT Mathlib.Lean.Elab.Tactic.Basic
AUDIT_IMPORT Mathlib.Tactic.Setm
AUDIT_IMPORT Mathlib.Tactic.SimpIntro
AUDIT_IMPORT Mathlib.Tactic.Simproc.ExistsAndEq
AUDIT_IMPORT Mathlib.Tactic.Subsingleton
AUDIT_IMPORT Mathlib.Tactic.Substs
AUDIT_IMPORT Mathlib.Tactic.SuccessIfFailWithMsg
AUDIT_IMPORT Mathlib.Tactic.SudoSetOption
AUDIT_IMPORT Mathlib.Tactic.SwapVar
AUDIT_IMPORT Lean.Elab.Tactic.Classical
AUDIT_IMPORT Mathlib.Tactic.Tauto
AUDIT_IMPORT Mathlib.Tactic.ToFun
AUDIT_IMPORT Mathlib.Tactic.ToLevel
AUDIT_IMPORT Mathlib.Tactic.Trace
AUDIT_IMPORT Mathlib.Tactic.UnsetOption
AUDIT_IMPORT Mathlib.Tactic.Variable
AUDIT_IMPORT Lean.Elab.Calc
AUDIT_IMPORT Lean.Elab.Tactic.Calc
AUDIT_IMPORT Mathlib.Tactic.Widget.SelectInsertParamsClass
AUDIT_IMPORT Mathlib.Tactic.Widget.SelectPanelUtils
AUDIT_IMPORT Mathlib.Tactic.Widget.Calc
AUDIT_IMPORT Mathlib.Tactic.Widget.CongrM
AUDIT_IMPORT Mathlib.Tactic.Widget.Conv
AUDIT_IMPORT Mathlib.Tactic.Widget.LibraryRewrite
AUDIT_IMPORT Mathlib.Tactic.WLOG
AUDIT_IMPORT Mathlib.Util.CountHeartbeats
AUDIT_IMPORT Mathlib.Util.PrintSorries
AUDIT_IMPORT Mathlib.Util.TransImports
AUDIT_IMPORT Mathlib.Util.WhatsNew
AUDIT_IMPORT Lean.Meta.Tactic.Try.Collect
AUDIT_IMPORT Lean.Meta.Tactic.Try
AUDIT_IMPORT Lean.Elab.Tactic.LibrarySearch
AUDIT_IMPORT Lean.Meta.Sym.Apply
AUDIT_IMPORT Lean.Meta.Sym.Simp.SimpM
AUDIT_IMPORT Lean.Meta.Sym.DSimp.DSimpM
AUDIT_IMPORT Lean.Elab.Tactic.Grind.Basic
AUDIT_IMPORT Lean.Elab.Tactic.Grind.Config
AUDIT_IMPORT Lean.Elab.Tactic.Grind.Anchor
AUDIT_IMPORT Lean.Elab.Tactic.Grind.Param
AUDIT_IMPORT Lean.Meta.Tactic.Grind.CollectParams
AUDIT_IMPORT Lean.Meta.Tactic.Grind.Parser
AUDIT_IMPORT Lean.Elab.Tactic.Grind.Main
AUDIT_IMPORT Lean.Elab.Task
AUDIT_IMPORT Lean.Elab.Parallel
AUDIT_IMPORT Lean.Elab.Tactic.Try
AUDIT_IMPORT Mathlib.Tactic.Common
AUDIT_IMPORT Mathlib.Data.Int.Sqrt
AUDIT_IMPORT Mathlib.Algebra.Group.Int.Even
AUDIT_IMPORT Mathlib.Algebra.Divisibility.Basic
AUDIT_IMPORT Mathlib.Algebra.Divisibility.Hom
AUDIT_IMPORT Mathlib.Algebra.Group.TypeTags.Hom
AUDIT_IMPORT Mathlib.Algebra.Group.Nat.Hom
AUDIT_IMPORT Mathlib.Algebra.NeZero
AUDIT_IMPORT Mathlib.Algebra.GroupWithZero.NeZero
AUDIT_IMPORT Mathlib.Algebra.GroupWithZero.Basic
AUDIT_IMPORT Mathlib.Algebra.GroupWithZero.Hom
AUDIT_IMPORT Mathlib.Data.Sum.Basic
AUDIT_IMPORT Mathlib.Algebra.Group.Pi.Basic
AUDIT_IMPORT Mathlib.Tactic.FastInstance
AUDIT_IMPORT Mathlib.Algebra.Group.Hom.Instances
AUDIT_IMPORT Mathlib.Util.AtomM
AUDIT_IMPORT Batteries.Control.ForInStep.Lemmas
AUDIT_IMPORT Batteries.Data.List.Lemmas
AUDIT_IMPORT Batteries.Data.List.Pairwise
AUDIT_IMPORT Mathlib.Data.List.TFAE
AUDIT_IMPORT Mathlib.Logic.Pairwise
AUDIT_IMPORT Mathlib.Data.List.Pairwise
AUDIT_IMPORT Mathlib.Tactic.TFAE
AUDIT_IMPORT Mathlib.Algebra.Ring.Basic
AUDIT_IMPORT Mathlib.Algebra.Ring.Hom.Defs
AUDIT_IMPORT Mathlib.Algebra.CharZero.Defs
AUDIT_IMPORT Mathlib.Algebra.GroupWithZero.Nat
AUDIT_IMPORT Mathlib.Algebra.Ring.Nat
AUDIT_IMPORT Mathlib.Data.Nat.Cast.Basic
AUDIT_IMPORT Mathlib.Algebra.Group.Units.Defs
AUDIT_IMPORT Mathlib.Algebra.Group.Units.Basic
AUDIT_IMPORT Lean.Elab.Tactic.SolveByElim
AUDIT_IMPORT Mathlib.Data.Prod.Basic
AUDIT_IMPORT Mathlib.Basic.Nontrivial.Basic
AUDIT_IMPORT Mathlib.Tactic.Nontriviality.Core
AUDIT_IMPORT Mathlib.Tactic.Nontriviality
AUDIT_IMPORT Mathlib.Algebra.GroupWithZero.Units.Basic
AUDIT_IMPORT Mathlib.Algebra.Group.Semiconj.Units
AUDIT_IMPORT Mathlib.Algebra.GroupWithZero.Semiconj
AUDIT_IMPORT Mathlib.Algebra.Group.Commute.Units
AUDIT_IMPORT Mathlib.Algebra.GroupWithZero.Commute
AUDIT_IMPORT Mathlib.Algebra.Ring.Semiconj
AUDIT_IMPORT Mathlib.Algebra.GroupWithZero.InjSurj
AUDIT_IMPORT Mathlib.Data.Int.Cast.Basic
AUDIT_IMPORT Mathlib.Algebra.Ring.InjSurj
AUDIT_IMPORT Mathlib.Algebra.Group.Units.Hom
AUDIT_IMPORT Mathlib.Algebra.Ring.Units
AUDIT_IMPORT Mathlib.Data.Bracket
AUDIT_IMPORT Mathlib.Algebra.Ring.Commute
AUDIT_IMPORT Mathlib.Data.Nat.Cast.Commute
AUDIT_IMPORT Mathlib.Algebra.Ring.Parity
AUDIT_IMPORT Mathlib.Data.Int.Basic
AUDIT_IMPORT Mathlib.Algebra.Ring.Int.Defs
AUDIT_IMPORT Mathlib.Algebra.Ring.Int.Parity
AUDIT_IMPORT Mathlib.Algebra.Group.Nat.Units
AUDIT_IMPORT Mathlib.Algebra.Group.Int.Units
AUDIT_IMPORT Mathlib.Algebra.Ring.Int.Units
AUDIT_IMPORT Mathlib.Algebra.Divisibility.Units
AUDIT_IMPORT Mathlib.Algebra.GroupWithZero.Divisibility
AUDIT_IMPORT Mathlib.Order.Basic
AUDIT_IMPORT Mathlib.Order.Monotone.Defs
AUDIT_IMPORT Mathlib.Algebra.Order.Monoid.Unbundled.Defs
AUDIT_IMPORT Mathlib.Algebra.Notation.Prod
AUDIT_IMPORT Mathlib.Algebra.Order.ZeroLEOne
AUDIT_IMPORT Mathlib.Order.OrderDual
AUDIT_IMPORT Mathlib.Order.Max
AUDIT_IMPORT Mathlib.Logic.Function.ULift
AUDIT_IMPORT Mathlib.Order.ULift
AUDIT_IMPORT Mathlib.Tactic.Finiteness.Attr
AUDIT_IMPORT Mathlib.Order.BoundedOrder.Basic
AUDIT_IMPORT Mathlib.Data.Bool.Basic
AUDIT_IMPORT Mathlib.Data.Int.Order.Basic
AUDIT_IMPORT Mathlib.Order.Compare
AUDIT_IMPORT Mathlib.Basic.IsEmpty.Basic
AUDIT_IMPORT Mathlib.Order.RelClasses
AUDIT_IMPORT Mathlib.Order.Monotone.Basic
AUDIT_IMPORT Mathlib.Order.Lattice
AUDIT_IMPORT Mathlib.Order.BoundedOrder.Lattice
AUDIT_IMPORT Mathlib.Algebra.Order.IsBotOne
AUDIT_IMPORT Mathlib.Logic.OpClass
AUDIT_IMPORT Mathlib.Order.MinMax
AUDIT_IMPORT Mathlib.Algebra.Order.Monoid.Unbundled.Basic
AUDIT_IMPORT Mathlib.Algebra.Order.Sub.Defs
AUDIT_IMPORT Mathlib.Algebra.Order.Group.Unbundled.Basic
AUDIT_IMPORT Mathlib.Algebra.Order.Monoid.Defs
AUDIT_IMPORT Mathlib.Algebra.Order.Group.Defs
AUDIT_IMPORT Mathlib.Algebra.Group.Units.Equiv
AUDIT_IMPORT Mathlib.Order.Disjoint
AUDIT_IMPORT Mathlib.Data.Prod.PProd
AUDIT_IMPORT Mathlib.Logic.Embedding.Basic
AUDIT_IMPORT Mathlib.Order.RelIso.Basic
AUDIT_IMPORT Mathlib.Tactic.Monotonicity.Attr
AUDIT_IMPORT Mathlib.Order.Hom.Basic
AUDIT_IMPORT Mathlib.Algebra.Order.Group.OrderIso
AUDIT_IMPORT Mathlib.Algebra.Order.Group.Lattice
AUDIT_IMPORT Mathlib.Algebra.Order.Group.Unbundled.Abs
AUDIT_IMPORT Mathlib.Order.Lex
AUDIT_IMPORT Mathlib.Algebra.Order.Group.Synonym
AUDIT_IMPORT Mathlib.Algebra.Order.Monoid.Unbundled.OrderDual
AUDIT_IMPORT Mathlib.Algebra.Order.Monoid.Unbundled.Pow
AUDIT_IMPORT Mathlib.Algebra.Order.Group.Abs
AUDIT_IMPORT Mathlib.Algebra.Order.GroupWithZero.Defs
AUDIT_IMPORT Mathlib.Tactic.Bound.Init
AUDIT_IMPORT Mathlib.Tactic.Bound.Attribute
AUDIT_IMPORT Lean.Meta.Tactic.Congr
AUDIT_IMPORT Batteries.Tactic.Congr
AUDIT_IMPORT Mathlib.Order.PropInstances
AUDIT_IMPORT Mathlib.Data.Set.Basic
AUDIT_IMPORT Mathlib.Data.Set.Disjoint
AUDIT_IMPORT Mathlib.Data.Set.Insert
AUDIT_IMPORT Mathlib.Data.Set.Subsingleton
AUDIT_IMPORT Mathlib.Order.GaloisConnection.Defs
AUDIT_IMPORT Mathlib.Order.Heyting.Basic
AUDIT_IMPORT Mathlib.Order.BooleanAlgebra.Defs
AUDIT_IMPORT Mathlib.Order.BooleanAlgebra.Basic
AUDIT_IMPORT Mathlib.Order.BooleanAlgebra.Set
AUDIT_IMPORT Mathlib.Order.SymmDiff
AUDIT_IMPORT Mathlib.Data.Set.SymmDiff
AUDIT_IMPORT Mathlib.Data.Set.Inclusion
AUDIT_IMPORT Mathlib.Data.Set.Image
AUDIT_IMPORT Mathlib.Data.Set.Prod
AUDIT_IMPORT Mathlib.Data.Set.Restrict
AUDIT_IMPORT Mathlib.Data.Set.Function
AUDIT_IMPORT Mathlib.Algebra.Order.GroupWithZero.Basic
AUDIT_IMPORT Mathlib.Algebra.Order.Monoid.Unbundled.ExistsOfLE
AUDIT_IMPORT Mathlib.Algebra.Order.Monoid.NatCast
AUDIT_IMPORT Mathlib.Algebra.Order.Monoid.Unbundled.MinMax
AUDIT_IMPORT Mathlib.Algebra.Order.Ring.Unbundled.Basic
AUDIT_IMPORT Mathlib.Algebra.Ring.GrindInstances
AUDIT_IMPORT Mathlib.Algebra.Order.Ring.Defs
AUDIT_IMPORT Mathlib.Algebra.Order.Ring.Basic
AUDIT_IMPORT Mathlib.Algebra.Order.Group.Int
AUDIT_IMPORT Mathlib.Algebra.Order.Group.Unbundled.Int
AUDIT_IMPORT Mathlib.Order.Bounds.Defs
AUDIT_IMPORT Mathlib.Data.Int.GCD
AUDIT_IMPORT Mathlib.Data.Nat.Cast.NeZero
AUDIT_IMPORT Mathlib.Data.Nat.Cast.Order.Basic
AUDIT_IMPORT Mathlib.Algebra.Order.Ring.Int
AUDIT_IMPORT Mathlib.Algebra.Ring.Divisibility.Basic
AUDIT_IMPORT Mathlib.Algebra.Order.Monoid.Canonical.Defs
AUDIT_IMPORT Mathlib.Algebra.Order.Group.Nat
AUDIT_IMPORT Mathlib.Algebra.Group.WithOne.Defs
AUDIT_IMPORT Mathlib.Data.Option.NAry
AUDIT_IMPORT Mathlib.Algebra.Group.WithOne.Map
AUDIT_IMPORT Mathlib.Algebra.GroupWithZero.Regular
AUDIT_IMPORT Mathlib.Algebra.GroupWithZero.Equiv
AUDIT_IMPORT Mathlib.Algebra.GroupWithZero.WithZero
AUDIT_IMPORT Mathlib.Order.TypeTags
AUDIT_IMPORT Mathlib.Order.WithBot
AUDIT_IMPORT Mathlib.Algebra.Order.Monoid.Unbundled.WithTop
AUDIT_IMPORT Mathlib.Algebra.Order.Monoid.WithTop
AUDIT_IMPORT Mathlib.Algebra.Regular.Basic
AUDIT_IMPORT Mathlib.Algebra.Order.AddGroupWithTop
AUDIT_IMPORT Mathlib.Algebra.Order.Monoid.Units
AUDIT_IMPORT Mathlib.Algebra.Order.Group.Units
AUDIT_IMPORT Mathlib.Algebra.Order.Monoid.OrderDual
AUDIT_IMPORT Mathlib.Algebra.Order.Monoid.Unbundled.TypeTags
AUDIT_IMPORT Mathlib.Algebra.Order.Monoid.TypeTags
AUDIT_IMPORT Mathlib.Algebra.Order.GroupWithZero.Canonical
AUDIT_IMPORT Mathlib.Algebra.Order.Ring.Nat
AUDIT_IMPORT Mathlib.Algebra.Order.Sub.Unbundled.Basic
AUDIT_IMPORT Mathlib.Algebra.Order.Sub.Basic
AUDIT_IMPORT Mathlib.Data.Nat.Cast.Order.Ring
AUDIT_IMPORT Mathlib.Algebra.Order.Ring.Abs
AUDIT_IMPORT Mathlib.Data.Int.Order.Units
AUDIT_IMPORT Mathlib.Data.Nat.Find
AUDIT_IMPORT Mathlib.Algebra.Group.Irreducible.Defs
AUDIT_IMPORT Mathlib.Algebra.Prime.Defs
AUDIT_IMPORT Mathlib.Data.Nat.Prime.Defs
AUDIT_IMPORT Mathlib.Algebra.CharP.Defs
AUDIT_IMPORT Mathlib.Data.Int.DivMod
AUDIT_IMPORT Batteries.Data.Fin.Basic
AUDIT_IMPORT Mathlib.Data.Fin.Basic
AUDIT_IMPORT Mathlib.Data.Fin.SuccPred
AUDIT_IMPORT Mathlib.Data.Fin.Rev
AUDIT_IMPORT Mathlib.Algebra.Group.Fin.Basic
AUDIT_IMPORT Mathlib.Algebra.Group.ULift
AUDIT_IMPORT Mathlib.Logic.Equiv.Set
AUDIT_IMPORT Mathlib.Util.PPOptions
AUDIT_IMPORT Mathlib.Util.Delaborators
AUDIT_IMPORT Mathlib.Algebra.Ring.Equiv
AUDIT_IMPORT Mathlib.Algebra.Ring.ULift
AUDIT_IMPORT Mathlib.Algebra.GroupWithZero.Opposite
AUDIT_IMPORT Mathlib.Algebra.Ring.Opposite
AUDIT_IMPORT Mathlib.Algebra.Group.ModEq
AUDIT_IMPORT Mathlib.Data.Nat.GCD.Basic
AUDIT_IMPORT Mathlib.Data.Nat.ModEq
AUDIT_IMPORT Mathlib.Data.Int.Cast.Lemmas
AUDIT_IMPORT Mathlib.Data.Int.ModEq
AUDIT_IMPORT Mathlib.Algebra.Group.Prod
AUDIT_IMPORT Mathlib.Data.Nat.Cast.Prod
AUDIT_IMPORT Mathlib.Control.ULift
AUDIT_IMPORT Mathlib.Data.ULift
AUDIT_IMPORT Mathlib.Order.Interval.Set.Defs
AUDIT_IMPORT Mathlib.Algebra.CharP.Basic
AUDIT_IMPORT Batteries.Data.List.Count
AUDIT_IMPORT Batteries.Data.List.Perm
AUDIT_IMPORT Mathlib.Control.Functor
AUDIT_IMPORT Mathlib.Data.List.Defs
AUDIT_IMPORT Mathlib.Data.List.Monad
AUDIT_IMPORT Mathlib.Data.List.Basic
AUDIT_IMPORT Mathlib.Data.List.Forall2
AUDIT_IMPORT Mathlib.Data.List.InsertIdx
AUDIT_IMPORT Mathlib.Data.List.Perm.Basic
AUDIT_IMPORT Mathlib.Data.List.Perm.Subperm
AUDIT_IMPORT Mathlib.Data.Multiset.Defs
AUDIT_IMPORT Mathlib.Data.Set.Pairwise.Basic
AUDIT_IMPORT Mathlib.Tactic.SetLike
AUDIT_IMPORT Mathlib.Data.SetLike.Basic
AUDIT_IMPORT Mathlib.Data.Finset.Defs
AUDIT_IMPORT Mathlib.Data.List.Nodup
AUDIT_IMPORT Mathlib.Data.Multiset.ZeroCons
AUDIT_IMPORT Mathlib.Data.Multiset.Count
AUDIT_IMPORT Mathlib.Data.List.Count
AUDIT_IMPORT Mathlib.Data.Multiset.AddSub
AUDIT_IMPORT Mathlib.Data.Multiset.Replicate
AUDIT_IMPORT Mathlib.Data.Set.List
AUDIT_IMPORT Mathlib.Data.Multiset.MapFold
AUDIT_IMPORT Mathlib.Data.Finset.Attach
AUDIT_IMPORT Mathlib.Data.Finset.Attr
AUDIT_IMPORT Mathlib.Data.List.Lattice
AUDIT_IMPORT Mathlib.Data.List.Dedup
AUDIT_IMPORT Mathlib.Data.List.TakeDrop
AUDIT_IMPORT Mathlib.Data.List.Perm.Lattice
AUDIT_IMPORT Mathlib.Data.Multiset.Filter
AUDIT_IMPORT Mathlib.Data.Multiset.UnionInter
AUDIT_IMPORT Mathlib.Data.Multiset.Dedup
AUDIT_IMPORT Mathlib.Data.Multiset.Basic
AUDIT_IMPORT Mathlib.Data.Finset.Dedup
AUDIT_IMPORT Mathlib.Data.Finset.Empty
AUDIT_IMPORT Mathlib.Data.List.Induction
AUDIT_IMPORT Mathlib.Data.List.Infix
AUDIT_IMPORT Mathlib.Data.Multiset.FinsetOps
AUDIT_IMPORT Mathlib.Data.Finset.Insert
AUDIT_IMPORT Mathlib.Data.Finset.Disjoint
AUDIT_IMPORT Mathlib.Data.Finset.Erase
AUDIT_IMPORT Mathlib.Data.Finset.Filter
AUDIT_IMPORT Mathlib.Data.Multiset.Range
AUDIT_IMPORT Mathlib.Data.Finset.Range
AUDIT_IMPORT Mathlib.Data.Finset.Lattice.Basic
AUDIT_IMPORT Mathlib.Data.Finset.SDiff
AUDIT_IMPORT Mathlib.Order.Directed
AUDIT_IMPORT Mathlib.Data.Finset.Basic
AUDIT_IMPORT Mathlib.Data.Finset.Lattice.Lemmas
AUDIT_IMPORT Mathlib.Basic.Finite.Defs
AUDIT_IMPORT Mathlib.Data.Fintype.Defs
AUDIT_IMPORT Mathlib.Data.Finset.Image
AUDIT_IMPORT Mathlib.Data.Finset.Card
AUDIT_IMPORT Mathlib.Data.Multiset.Fold
AUDIT_IMPORT Mathlib.Data.Finset.Fold
AUDIT_IMPORT Mathlib.Algebra.BigOperators.Group.List.Defs
AUDIT_IMPORT Mathlib.Algebra.BigOperators.Group.List.Basic
AUDIT_IMPORT Mathlib.Data.List.Flatten
AUDIT_IMPORT Mathlib.Data.List.Lex
AUDIT_IMPORT Mathlib.Data.List.Chain
AUDIT_IMPORT Mathlib.Data.List.Range
AUDIT_IMPORT Mathlib.Data.List.Rotate
AUDIT_IMPORT Mathlib.Data.List.ProdSigma
AUDIT_IMPORT Mathlib.Algebra.BigOperators.Group.List.Lemmas
AUDIT_IMPORT Mathlib.Algebra.BigOperators.Group.Multiset.Defs
AUDIT_IMPORT Mathlib.Algebra.Order.Group.Multiset
AUDIT_IMPORT Mathlib.Algebra.BigOperators.Group.Multiset.Basic
AUDIT_IMPORT Mathlib.Data.Multiset.Bind
AUDIT_IMPORT Mathlib.Order.SetNotation
AUDIT_IMPORT Mathlib.Data.Finset.Union
AUDIT_IMPORT Mathlib.Data.List.Enum
AUDIT_IMPORT Mathlib.Data.List.OffDiag
AUDIT_IMPORT Mathlib.Data.Nat.Factorial.Basic
AUDIT_IMPORT Mathlib.Data.Nat.Choose.Basic
AUDIT_IMPORT Mathlib.Data.Finset.Prod
AUDIT_IMPORT Mathlib.Data.Finset.BooleanAlgebra
AUDIT_IMPORT Mathlib.Data.Fintype.OfMap
AUDIT_IMPORT Mathlib.Data.Finset.SymmDiff
AUDIT_IMPORT Mathlib.Data.Fintype.Sets
AUDIT_IMPORT Mathlib.Data.Fin.Embedding
AUDIT_IMPORT Mathlib.Order.Fin.Basic
AUDIT_IMPORT Batteries.Data.Fin.Lemmas
AUDIT_IMPORT Mathlib.Data.Fin.Tuple.Basic
AUDIT_IMPORT Mathlib.Data.List.FinRange
AUDIT_IMPORT Mathlib.Data.List.OfFn
AUDIT_IMPORT Mathlib.Data.Fintype.Basic
AUDIT_IMPORT Mathlib.Data.Fintype.Card
AUDIT_IMPORT Mathlib.Data.List.Duplicate
AUDIT_IMPORT Mathlib.Data.List.Sort
AUDIT_IMPORT Mathlib.Data.List.NodupEquivFin
AUDIT_IMPORT Mathlib.Data.Fintype.EquivFin
AUDIT_IMPORT Mathlib.Data.Fintype.Prod
AUDIT_IMPORT Mathlib.Data.Multiset.Sum
AUDIT_IMPORT Mathlib.Data.Finset.Sum
AUDIT_IMPORT Mathlib.Lean.Expr.ExtraRecognizers
AUDIT_IMPORT Mathlib.Data.Set.Notation
AUDIT_IMPORT Mathlib.Logic.Embedding.Set
AUDIT_IMPORT Mathlib.Data.Fintype.Sum
AUDIT_IMPORT Mathlib.Algebra.Order.Ring.Canonical
AUDIT_IMPORT Mathlib.Algebra.Order.Ring.WithTop
AUDIT_IMPORT Mathlib.Algebra.Order.Sub.WithTop
AUDIT_IMPORT Mathlib.Data.ENat.Defs
AUDIT_IMPORT Mathlib.Order.Nat
AUDIT_IMPORT Mathlib.Data.ENat.Basic
AUDIT_IMPORT Mathlib.Data.ENat.Monoid
AUDIT_IMPORT Mathlib.Data.Bool.Set
AUDIT_IMPORT Mathlib.Data.Nat.Set
AUDIT_IMPORT Mathlib.Data.Set.NAry
AUDIT_IMPORT Mathlib.Order.Antisymmetrization
AUDIT_IMPORT Mathlib.Order.BoundedOrder.Monotone
AUDIT_IMPORT Mathlib.Order.Interval.Set.Basic
AUDIT_IMPORT Mathlib.Order.Bounds.Basic
AUDIT_IMPORT Mathlib.Order.Bounds.Image
AUDIT_IMPORT Mathlib.Order.CompleteLattice.Defs
AUDIT_IMPORT Mathlib.Order.WellFounded
AUDIT_IMPORT Mathlib.Order.Hom.Set
AUDIT_IMPORT Mathlib.Order.CompleteLattice.Basic
AUDIT_IMPORT Mathlib.Order.CompleteLattice.Lemmas
AUDIT_IMPORT Mathlib.Order.GaloisConnection.Basic
AUDIT_IMPORT Mathlib.Order.CompleteBooleanAlgebra
AUDIT_IMPORT Mathlib.Data.Set.BooleanAlgebra
AUDIT_IMPORT Mathlib.Data.Set.Lattice.Indexed
AUDIT_IMPORT Mathlib.Order.ConditionallyCompleteLattice.Defs
AUDIT_IMPORT Mathlib.Order.ConditionallyCompletePartialOrder.Defs
AUDIT_IMPORT Mathlib.Order.ConditionallyCompletePartialOrder.Basic
AUDIT_IMPORT Mathlib.Order.ConditionallyCompleteLattice.Basic
AUDIT_IMPORT Mathlib.Data.Set.Order
AUDIT_IMPORT Mathlib.Order.Interval.Set.Image
AUDIT_IMPORT Mathlib.Order.Interval.Set.LinearOrder
AUDIT_IMPORT Mathlib.Order.Interval.Set.UnorderedInterval
AUDIT_IMPORT Mathlib.Order.Interval.Set.OrderEmbedding
AUDIT_IMPORT Mathlib.Order.Preorder.Chain
AUDIT_IMPORT Mathlib.Order.Antichain
AUDIT_IMPORT Mathlib.Order.Interval.Set.OrdConnected
AUDIT_IMPORT Mathlib.Order.Interval.Set.WithBotTop
AUDIT_IMPORT Mathlib.Order.Cover
AUDIT_IMPORT Mathlib.Order.Iterate
AUDIT_IMPORT Mathlib.Order.SuccPred.Basic
AUDIT_IMPORT Mathlib.Order.SuccPred.Archimedean
AUDIT_IMPORT Mathlib.Order.SuccPred.Limit
AUDIT_IMPORT Mathlib.Order.SuccPred.WithBot
AUDIT_IMPORT Mathlib.Algebra.Order.SuccPred
AUDIT_IMPORT Mathlib.Data.Nat.SuccPred
AUDIT_IMPORT Mathlib.Data.ENat.SuccOrder
AUDIT_IMPORT Mathlib.Data.ENat.Pow
AUDIT_IMPORT Mathlib.Data.ZMod.Defs
AUDIT_IMPORT Mathlib.Algebra.Order.Hom.Monoid
AUDIT_IMPORT Mathlib.Algebra.Order.Hom.MonoidWithZero
AUDIT_IMPORT Mathlib.Algebra.Order.Hom.Ring
AUDIT_IMPORT Mathlib.Basic.Countable.Defs
AUDIT_IMPORT Mathlib.Logic.Small.Defs
AUDIT_IMPORT Mathlib.Logic.Small.Basic
AUDIT_IMPORT Mathlib.Basic.Countable.Small
AUDIT_IMPORT Mathlib.Basic.UnivLE
AUDIT_IMPORT Mathlib.Algebra.BigOperators.Group.Finset.Defs
AUDIT_IMPORT Mathlib.Algebra.BigOperators.Group.Finset.Basic
AUDIT_IMPORT Mathlib.Data.Set.Piecewise
AUDIT_IMPORT Mathlib.Data.Finset.Piecewise
AUDIT_IMPORT Mathlib.Algebra.BigOperators.Group.Finset.Piecewise
AUDIT_IMPORT Mathlib.Data.Multiset.Lattice
AUDIT_IMPORT Mathlib.Order.Hom.Bounded
AUDIT_IMPORT Mathlib.Order.Hom.Lattice
AUDIT_IMPORT Mathlib.Order.Hom.BoundedLattice
AUDIT_IMPORT Mathlib.Data.Finset.Lattice.Fold
AUDIT_IMPORT Mathlib.Data.Set.Sigma
AUDIT_IMPORT Mathlib.Data.Finset.Option
AUDIT_IMPORT Mathlib.Data.Set.Lattice.Bounded
AUDIT_IMPORT Mathlib.Data.Set.Lattice.Image
AUDIT_IMPORT Mathlib.Order.CompleteLattice.Finset
AUDIT_IMPORT Mathlib.Data.Finset.Sigma
AUDIT_IMPORT Mathlib.Algebra.BigOperators.Group.Finset.Sigma
AUDIT_IMPORT Mathlib.Algebra.BigOperators.Option
AUDIT_IMPORT Mathlib.Data.Fintype.Option
AUDIT_IMPORT Mathlib.Data.Fintype.Sigma
AUDIT_IMPORT Mathlib.Data.Set.Finite.Basic
AUDIT_IMPORT Mathlib.Data.Multiset.Pi
AUDIT_IMPORT Mathlib.Logic.Function.DependsOn
AUDIT_IMPORT Mathlib.Data.Finset.Pi
AUDIT_IMPORT Mathlib.Data.Fintype.Pi
AUDIT_IMPORT Mathlib.Basic.Finite.Prod
AUDIT_IMPORT Mathlib.Data.Setoid.Basic
AUDIT_IMPORT Mathlib.Data.Vector.Defs
AUDIT_IMPORT Mathlib.Control.Applicative
AUDIT_IMPORT Mathlib.Control.Traversable.Basic
AUDIT_IMPORT Mathlib.Data.Vector.Basic
AUDIT_IMPORT Mathlib.Tactic.ApplyFun
AUDIT_IMPORT Mathlib.Data.Sym.Basic
AUDIT_IMPORT Mathlib.Data.Fintype.Vector
AUDIT_IMPORT Mathlib.Data.Fintype.BigOperators
AUDIT_IMPORT Mathlib.Data.Finset.Lattice.Union
AUDIT_IMPORT Mathlib.Data.List.Sublists
AUDIT_IMPORT Mathlib.Data.List.Zip
AUDIT_IMPORT Mathlib.Data.Multiset.Powerset
AUDIT_IMPORT Mathlib.Data.Set.Lattice.Disjoint
AUDIT_IMPORT Mathlib.Data.Set.Pairwise.Lattice
AUDIT_IMPORT Mathlib.Data.Finset.Powerset
AUDIT_IMPORT Mathlib.Data.Fintype.Powerset
AUDIT_IMPORT Mathlib.Data.Nat.Bits
AUDIT_IMPORT Mathlib.Data.Nat.Pairing
AUDIT_IMPORT Mathlib.Logic.Equiv.Nat
AUDIT_IMPORT Mathlib.Basic.Countable.Basic
AUDIT_IMPORT Mathlib.Data.List.MinMax
AUDIT_IMPORT Mathlib.Data.Nat.Order.Lemmas
AUDIT_IMPORT Mathlib.Data.PNat.Notation
AUDIT_IMPORT Mathlib.Data.PNat.Defs
AUDIT_IMPORT Mathlib.Data.PNat.Equiv
AUDIT_IMPORT Mathlib.Logic.Encodable.Basic
AUDIT_IMPORT Mathlib.Basic.Denumerable
AUDIT_IMPORT Mathlib.Logic.Equiv.List
AUDIT_IMPORT Mathlib.Order.Minimal
AUDIT_IMPORT Mathlib.Order.Preorder.Finite
AUDIT_IMPORT Mathlib.Data.Set.Countable
AUDIT_IMPORT Mathlib.Logic.Small.Set
AUDIT_IMPORT Mathlib.Data.Sum.Order
AUDIT_IMPORT Mathlib.Data.Prod.Lex
AUDIT_IMPORT Mathlib.Order.RelIso.Set
AUDIT_IMPORT Mathlib.Order.Hom.Lex
AUDIT_IMPORT Mathlib.Order.UpperLower.Basic
AUDIT_IMPORT Mathlib.Order.InitialSeg
AUDIT_IMPORT Mathlib.Order.ConditionallyCompletePartialOrder.Indexed
AUDIT_IMPORT Mathlib.Order.ConditionallyCompleteLattice.Indexed
AUDIT_IMPORT Mathlib.Order.SuccPred.CompleteLinearOrder
AUDIT_IMPORT Mathlib.SetTheory.Cardinal.Defs
AUDIT_IMPORT Mathlib.Order.Hom.Order
AUDIT_IMPORT Mathlib.Control.Monad.Basic
AUDIT_IMPORT Mathlib.Data.Part
AUDIT_IMPORT Mathlib.Order.Part
AUDIT_IMPORT Mathlib.Order.ScottContinuity
AUDIT_IMPORT Mathlib.Dynamics.FixedPoints.Defs
AUDIT_IMPORT Mathlib.Order.OmegaCompletePartialOrder
AUDIT_IMPORT Mathlib.Order.BourbakiWitt
AUDIT_IMPORT Mathlib.Algebra.Group.Equiv.TypeTags
AUDIT_IMPORT Mathlib.Algebra.Group.End
AUDIT_IMPORT Mathlib.Order.FixedPoints
AUDIT_IMPORT Mathlib.Order.CompleteLattice.Chain
AUDIT_IMPORT Mathlib.Order.Zorn
AUDIT_IMPORT Mathlib.SetTheory.Cardinal.SchroederBernstein
AUDIT_IMPORT Mathlib.SetTheory.Cardinal.Order
AUDIT_IMPORT Mathlib.SetTheory.Cardinal.Basic
AUDIT_IMPORT Mathlib.SetTheory.Cardinal.ENat
AUDIT_IMPORT Mathlib.SetTheory.Cardinal.ToNat
AUDIT_IMPORT Mathlib.SetTheory.Cardinal.Finite
AUDIT_IMPORT Mathlib.Algebra.GroupWithZero.Units.Equiv
AUDIT_IMPORT Mathlib.Algebra.GroupWithZero.Units.Fintype
AUDIT_IMPORT Mathlib.Data.Int.Cast.Prod
AUDIT_IMPORT Mathlib.Algebra.GroupWithZero.Prod
AUDIT_IMPORT Mathlib.Algebra.Ring.CompTypeclasses
AUDIT_IMPORT Mathlib.Algebra.Ring.Prod
AUDIT_IMPORT Mathlib.Algebra.Group.Subsemigroup.Defs
AUDIT_IMPORT Mathlib.Algebra.Group.Submonoid.Defs
AUDIT_IMPORT Mathlib.Algebra.Group.Action.Defs
AUDIT_IMPORT Mathlib.Algebra.Group.Submonoid.MulAction
AUDIT_IMPORT Mathlib.Algebra.Group.Action.Opposite
AUDIT_IMPORT Mathlib.Algebra.GroupWithZero.Action.Defs
AUDIT_IMPORT Mathlib.Algebra.Group.Submonoid.DistribMulAction
AUDIT_IMPORT Mathlib.Algebra.Group.Conj
AUDIT_IMPORT Mathlib.Algebra.Group.Pi.Lemmas
AUDIT_IMPORT Mathlib.Algebra.Group.Action.Faithful
AUDIT_IMPORT Mathlib.Algebra.Group.Subsemigroup.Basic
AUDIT_IMPORT Mathlib.Algebra.Group.Submonoid.Basic
AUDIT_IMPORT Mathlib.Algebra.Group.Submonoid.Operations
AUDIT_IMPORT Mathlib.Algebra.Group.Subgroup.Defs
AUDIT_IMPORT Mathlib.Algebra.Group.Subgroup.Lattice
AUDIT_IMPORT Mathlib.Algebra.Group.Subgroup.Map
AUDIT_IMPORT Mathlib.Algebra.Group.Subgroup.Ker
AUDIT_IMPORT Mathlib.Algebra.Group.Subgroup.Basic
AUDIT_IMPORT Mathlib.Algebra.Group.Invertible.Defs
AUDIT_IMPORT Mathlib.Algebra.Group.Invertible.Basic
AUDIT_IMPORT Mathlib.Algebra.Group.Center
AUDIT_IMPORT Mathlib.GroupTheory.Subsemigroup.Center
AUDIT_IMPORT Mathlib.GroupTheory.Submonoid.Center
AUDIT_IMPORT Mathlib.GroupTheory.Subgroup.Center
AUDIT_IMPORT Mathlib.Algebra.Group.Subgroup.Actions
AUDIT_IMPORT Mathlib.Algebra.Module.Defs
AUDIT_IMPORT Mathlib.Algebra.Group.Action.Units
AUDIT_IMPORT Mathlib.Algebra.Group.Action.Basic
AUDIT_IMPORT Mathlib.Algebra.Group.Pointwise.Set.Scalar
AUDIT_IMPORT Mathlib.GroupTheory.GroupAction.Defs
AUDIT_IMPORT Mathlib.Logic.Function.CompTypeclasses
AUDIT_IMPORT Mathlib.Algebra.Group.Hom.CompTypeclasses
AUDIT_IMPORT Mathlib.Algebra.Regular.SMul
AUDIT_IMPORT Mathlib.Algebra.Group.Action.TypeTags
AUDIT_IMPORT Mathlib.Algebra.Group.Action.Pretransitive
AUDIT_IMPORT Mathlib.Algebra.Group.Action.Hom
AUDIT_IMPORT Mathlib.Algebra.GroupWithZero.Action.Units
AUDIT_IMPORT Mathlib.Algebra.GroupWithZero.Action.End
AUDIT_IMPORT Mathlib.Algebra.Ring.Action.Basic
AUDIT_IMPORT Mathlib.GroupTheory.GroupAction.Hom
AUDIT_IMPORT Mathlib.GroupTheory.GroupAction.SubMulAction
AUDIT_IMPORT Mathlib.Algebra.CharP.Two
AUDIT_IMPORT Mathlib.Algebra.Group.Semiconj.Basic
AUDIT_IMPORT Mathlib.Algebra.Group.Commute.Basic
AUDIT_IMPORT Mathlib.Algebra.Group.Pointwise.Set.Basic
AUDIT_IMPORT Mathlib.Algebra.Group.Pointwise.Set.Finite
AUDIT_IMPORT Mathlib.Algebra.Notation.Support
AUDIT_IMPORT Mathlib.Algebra.Group.Support
AUDIT_IMPORT Mathlib.Algebra.Group.Commute.Hom
AUDIT_IMPORT Mathlib.Data.Finset.NoncommProd
AUDIT_IMPORT Mathlib.Algebra.Group.Submonoid.BigOperators
AUDIT_IMPORT Mathlib.Algebra.Group.Submonoid.Finite
AUDIT_IMPORT Mathlib.Data.Set.Finite.Range
AUDIT_IMPORT Mathlib.Data.Set.Finite.Powerset
AUDIT_IMPORT Mathlib.Data.Set.Card
AUDIT_IMPORT Mathlib.SetTheory.Cardinal.NatCard
AUDIT_IMPORT Mathlib.Algebra.Group.Subgroup.Finite
AUDIT_IMPORT Mathlib.Algebra.Group.TransferInstance
AUDIT_IMPORT Mathlib.Algebra.Module.NatInt
AUDIT_IMPORT Mathlib.Algebra.Order.Group.Action
AUDIT_IMPORT Mathlib.Algebra.Group.Irreducible.Lemmas
AUDIT_IMPORT Mathlib.Algebra.Prime.Lemmas
AUDIT_IMPORT Mathlib.Algebra.GroupWithZero.Associated
AUDIT_IMPORT Mathlib.Algebra.Ring.Associated
AUDIT_IMPORT Mathlib.Algebra.GCDMonoid.Basic
AUDIT_IMPORT Mathlib.Algebra.GCDMonoid.Multiset
AUDIT_IMPORT Mathlib.Algebra.GCDMonoid.Nat
AUDIT_IMPORT Mathlib.Algebra.GCDMonoid.Finset
AUDIT_IMPORT Mathlib.Data.Nat.Prime.Basic
AUDIT_IMPORT Mathlib.Algebra.Order.Positive.Ring
AUDIT_IMPORT Mathlib.Data.PNat.Basic
AUDIT_IMPORT Mathlib.Data.List.Permutation
AUDIT_IMPORT Mathlib.Data.Fintype.List
AUDIT_IMPORT Mathlib.Data.List.Cycle
AUDIT_IMPORT Mathlib.Dynamics.FixedPoints.Basic
AUDIT_IMPORT Mathlib.Dynamics.PeriodicPts.Defs
AUDIT_IMPORT Mathlib.Data.Finset.Max
AUDIT_IMPORT Mathlib.Data.Set.Finite.Lattice
AUDIT_IMPORT Mathlib.Order.ConditionallyCompleteLattice.Finset
AUDIT_IMPORT Mathlib.Algebra.Group.Embedding
AUDIT_IMPORT Mathlib.Data.Finset.Preimage
AUDIT_IMPORT Mathlib.Order.Hom.WithTopBot
AUDIT_IMPORT Mathlib.Order.Interval.Finset.Defs
AUDIT_IMPORT Mathlib.Order.Interval.Finset.Basic
AUDIT_IMPORT Mathlib.Order.Interval.Multiset
AUDIT_IMPORT Mathlib.Order.Interval.Finset.Nat
AUDIT_IMPORT Mathlib.Order.Lattice.Nat
AUDIT_IMPORT Mathlib.Dynamics.PeriodicPts.Lemmas
AUDIT_IMPORT Mathlib.Algebra.Notation.Indicator
AUDIT_IMPORT Mathlib.Algebra.BigOperators.GroupWithZero.Finset
AUDIT_IMPORT Mathlib.Algebra.Group.Subgroup.ZPowers.Basic
AUDIT_IMPORT Mathlib.Algebra.Group.Action.End
AUDIT_IMPORT Mathlib.Algebra.Group.Subsemigroup.MulOpposite
AUDIT_IMPORT Mathlib.Algebra.Group.Submonoid.MulOpposite
AUDIT_IMPORT Mathlib.Algebra.Group.Subgroup.MulOpposite
AUDIT_IMPORT Mathlib.Algebra.Group.Subgroup.MulOppositeLemmas
AUDIT_IMPORT Mathlib.Algebra.Group.Action.Pointwise.Set.Basic
AUDIT_IMPORT Mathlib.Algebra.FreeMonoid.Basic
AUDIT_IMPORT Mathlib.Algebra.Group.Idempotent
AUDIT_IMPORT Mathlib.Algebra.Group.Submonoid.Membership
AUDIT_IMPORT Mathlib.Algebra.Order.BigOperators.Group.List
AUDIT_IMPORT Mathlib.Data.Sigma.Lex
AUDIT_IMPORT Mathlib.Order.OrderIsoNat
AUDIT_IMPORT Mathlib.Order.WellQuasiOrder
AUDIT_IMPORT Mathlib.Order.WellFoundedSet
AUDIT_IMPORT Mathlib.Algebra.Group.Submonoid.Pointwise
AUDIT_IMPORT Mathlib.Algebra.Group.Commutator
AUDIT_IMPORT Mathlib.GroupTheory.Subsemigroup.Centralizer
AUDIT_IMPORT Mathlib.GroupTheory.Submonoid.Centralizer
AUDIT_IMPORT Mathlib.GroupTheory.Subgroup.Centralizer
AUDIT_IMPORT Mathlib.GroupTheory.GroupAction.ConjAct
AUDIT_IMPORT Mathlib.Algebra.Group.Pointwise.Set.Lattice
AUDIT_IMPORT Mathlib.Algebra.Group.Subgroup.Pointwise
AUDIT_IMPORT Mathlib.Algebra.Group.Action.Prod
AUDIT_IMPORT Mathlib.Algebra.GroupWithZero.Action.Basic
AUDIT_IMPORT Mathlib.Algebra.GroupWithZero.Pointwise.Set.Basic
AUDIT_IMPORT Mathlib.Algebra.GroupWithZero.Action.Pointwise.Set
AUDIT_IMPORT Mathlib.Algebra.GroupWithZero.Submonoid.Pointwise
AUDIT_IMPORT Mathlib.Algebra.GroupWithZero.Subgroup
AUDIT_IMPORT Mathlib.Algebra.Quotient
AUDIT_IMPORT Mathlib.GroupTheory.Coset.Defs
AUDIT_IMPORT Mathlib.GroupTheory.Coset.Basic
AUDIT_IMPORT Mathlib.GroupTheory.Coset.Card
AUDIT_IMPORT Mathlib.GroupTheory.Congruence.Defs
AUDIT_IMPORT Mathlib.GroupTheory.Congruence.Hom
AUDIT_IMPORT Mathlib.GroupTheory.QuotientGroup.Defs
AUDIT_IMPORT Mathlib.GroupTheory.Commutator.Basic
AUDIT_IMPORT Mathlib.Algebra.GroupWithZero.Action.Opposite
AUDIT_IMPORT Mathlib.Algebra.Module.Opposite
AUDIT_IMPORT Mathlib.Algebra.Regular.Opposite
AUDIT_IMPORT Mathlib.Algebra.Module.Torsion.Free
AUDIT_IMPORT Mathlib.Logic.Equiv.Sigma
AUDIT_IMPORT Mathlib.Basic.Finite.Sigma
AUDIT_IMPORT Mathlib.GroupTheory.GroupAction.Basic
AUDIT_IMPORT Mathlib.GroupTheory.GroupAction.Quotient
AUDIT_IMPORT Mathlib.GroupTheory.QuotientGroup.Basic
AUDIT_IMPORT Mathlib.GroupTheory.Index
AUDIT_IMPORT Mathlib.Data.Nat.Log
AUDIT_IMPORT Mathlib.Data.Nat.Prime.Pow
AUDIT_IMPORT Mathlib.Algebra.IsPrimePow
AUDIT_IMPORT Mathlib.Algebra.Order.BigOperators.Group.Multiset
AUDIT_IMPORT Mathlib.Data.Multiset.OrderedMonoid
AUDIT_IMPORT Mathlib.Algebra.Order.BigOperators.Group.Finset
AUDIT_IMPORT Mathlib.Order.Interval.Set.SuccPred
AUDIT_IMPORT Mathlib.Order.Interval.Finset.SuccPred
AUDIT_IMPORT Mathlib.Algebra.Order.Interval.Finset.SuccPred
AUDIT_IMPORT Mathlib.Algebra.Ring.CharZero
AUDIT_IMPORT Mathlib.Algebra.Order.Antidiag.Prod
AUDIT_IMPORT Mathlib.Data.List.NatAntidiagonal
AUDIT_IMPORT Mathlib.Data.Multiset.NatAntidiagonal
AUDIT_IMPORT Mathlib.Data.Finset.NatAntidiagonal
AUDIT_IMPORT Mathlib.Algebra.BigOperators.Ring.List
AUDIT_IMPORT Mathlib.Data.List.Prime
AUDIT_IMPORT Mathlib.Data.Nat.Factors
AUDIT_IMPORT Mathlib.Data.Nat.Prime.Infinite
AUDIT_IMPORT Mathlib.Data.Nat.PrimeFin
AUDIT_IMPORT Mathlib.NumberTheory.Divisors
AUDIT_IMPORT Mathlib.Order.Interval.Set.Infinite
AUDIT_IMPORT Mathlib.GroupTheory.OrderOfElement
AUDIT_IMPORT Mathlib.Tactic.FinCases
AUDIT_IMPORT Mathlib.Data.ZMod.Basic
AUDIT_IMPORT Mathlib.Data.ZMod.IntUnitsPower
AUDIT_IMPORT Mathlib.Algebra.Ring.NegOnePow
AUDIT_IMPORT Mathlib.Algebra.Order.Nonneg.Basic
AUDIT_IMPORT Mathlib.Data.Rat.Defs
AUDIT_IMPORT Mathlib.Algebra.Order.Ring.Unbundled.Rat
AUDIT_IMPORT Mathlib.Algebra.Ring.Rat
AUDIT_IMPORT Mathlib.Data.NNRat.Defs
AUDIT_IMPORT Mathlib.Algebra.Field.Rat
AUDIT_IMPORT Mathlib.Algebra.GroupWithZero.Invertible
AUDIT_IMPORT Mathlib.Algebra.Ring.Invertible
AUDIT_IMPORT Mathlib.Algebra.Order.Ring.Synonym
AUDIT_IMPORT Mathlib.Algebra.Field.Basic
AUDIT_IMPORT Mathlib.Algebra.Order.Field.Canonical
AUDIT_IMPORT Mathlib.Order.LatticeIntervals
AUDIT_IMPORT Mathlib.Order.CompleteLatticeIntervals
AUDIT_IMPORT Mathlib.Algebra.Order.Nonneg.Lattice
AUDIT_IMPORT Mathlib.Algebra.Order.Monoid.Basic
AUDIT_IMPORT Mathlib.Algebra.Order.Ring.InjSurj
AUDIT_IMPORT Mathlib.Algebra.Order.Nonneg.Ring
AUDIT_IMPORT Mathlib.Algebra.Order.Nonneg.Field
AUDIT_IMPORT Mathlib.Algebra.Order.Ring.Rat
AUDIT_IMPORT Mathlib.Algebra.Order.Field.Rat
AUDIT_IMPORT Mathlib.Algebra.GroupWithZero.Units.Lemmas
AUDIT_IMPORT Mathlib.Data.Rat.Lemmas
AUDIT_IMPORT Mathlib.Data.Rat.Cast.Defs
AUDIT_IMPORT Mathlib.Data.Rat.Cast.CharZero
AUDIT_IMPORT Mathlib.Algebra.Order.Invertible
AUDIT_IMPORT Mathlib.Algebra.Order.Ring.Cast
AUDIT_IMPORT Mathlib.Tactic.HaveI
AUDIT_IMPORT Mathlib.Lean.Expr.Rat
AUDIT_IMPORT Mathlib.Tactic.NormNum.Result
AUDIT_IMPORT Mathlib.Util.Qq
AUDIT_IMPORT Mathlib.Tactic.NormNum.Core
AUDIT_IMPORT Mathlib.Tactic.Positivity.Core
AUDIT_IMPORT Mathlib.Data.Rat.Cast.Order
AUDIT_IMPORT Mathlib.Tactic.NormNum.Basic
AUDIT_IMPORT Mathlib.Tactic.NormNum.Abs
AUDIT_IMPORT Mathlib.Tactic.NormNum.Inv
AUDIT_IMPORT Mathlib.Tactic.NormNum.Eq
AUDIT_IMPORT Mathlib.Tactic.NormNum.Ineq
AUDIT_IMPORT Mathlib.Tactic.NormNum.DivMod
AUDIT_IMPORT Mathlib.Algebra.Notation
AUDIT_IMPORT Mathlib.Algebra.Order.Group.PosPart
AUDIT_IMPORT Mathlib.Data.Int.Cast.Field
AUDIT_IMPORT Mathlib.Data.Int.Cast.Pi
AUDIT_IMPORT Mathlib.Data.Int.CharZero
AUDIT_IMPORT Mathlib.Algebra.Order.Hom.Basic
AUDIT_IMPORT Mathlib.Tactic.Positivity.Basic
AUDIT_IMPORT Mathlib.Tactic.NormNum.OfScientific
AUDIT_IMPORT Mathlib.Tactic.NormNum.Pow
AUDIT_IMPORT Mathlib.Tactic.NormNum
AUDIT_IMPORT Mathlib.Algebra.Field.NegOnePow
AUDIT_IMPORT Mathlib.Algebra.Field.Opposite
AUDIT_IMPORT Mathlib.Algebra.Order.Archimedean.Defs
AUDIT_IMPORT Mathlib.Data.Int.LeastGreatest
AUDIT_IMPORT Mathlib.Algebra.Order.Floor.Defs
AUDIT_IMPORT Mathlib.Algebra.Order.Floor.Semiring
AUDIT_IMPORT Mathlib.Algebra.Order.GroupWithZero.OrderIso
AUDIT_IMPORT Mathlib.Data.Set.Monotone
AUDIT_IMPORT Mathlib.Order.Bounds.OrderIso
AUDIT_IMPORT Mathlib.Algebra.Order.Field.Basic
AUDIT_IMPORT Mathlib.Util.AtomM.Recurse
AUDIT_IMPORT Mathlib.Tactic.TryThis
AUDIT_IMPORT Mathlib.Tactic.Abel
AUDIT_IMPORT Mathlib.Data.Ineq
AUDIT_IMPORT Mathlib.Tactic.FieldSimp.Attr
AUDIT_IMPORT Mathlib.Util.DischargerAsTactic
AUDIT_IMPORT Mathlib.Tactic.FieldSimp.Discharger
AUDIT_IMPORT Mathlib.Tactic.FieldSimp.Lemmas
AUDIT_IMPORT Mathlib.Util.SynthesizeUsing
AUDIT_IMPORT Mathlib.Tactic.FieldSimp
AUDIT_IMPORT Mathlib.Tactic.Ring.Common
AUDIT_IMPORT Mathlib.Tactic.Ring.Basic
AUDIT_IMPORT Mathlib.Tactic.Field
AUDIT_IMPORT Mathlib.Tactic.Linarith.Lemmas
AUDIT_IMPORT Mathlib.Tactic.Linarith.Datatypes
AUDIT_IMPORT Mathlib.Tactic.Linarith.Oracle.SimplexAlgorithm.Datatypes
AUDIT_IMPORT Mathlib.Tactic.Linarith.Oracle.SimplexAlgorithm.Gauss
AUDIT_IMPORT Mathlib.Tactic.Linarith.Oracle.SimplexAlgorithm.SimplexAlgorithm
AUDIT_IMPORT Mathlib.Tactic.Linarith.Oracle.SimplexAlgorithm.PositiveVector
AUDIT_IMPORT Mathlib.Tactic.Linarith.Oracle.SimplexAlgorithm
AUDIT_IMPORT Mathlib.Lean.Meta.Tactic.Rewrite
AUDIT_IMPORT Mathlib.Data.Tree.Basic
AUDIT_IMPORT Mathlib.Tactic.CancelDenoms.Core
AUDIT_IMPORT Mathlib.Tactic.Zify
AUDIT_IMPORT Mathlib.Tactic.Linarith.Preprocessing
AUDIT_IMPORT Mathlib.Tactic.Linarith.Parsing
AUDIT_IMPORT Mathlib.Tactic.Linarith.Verification
AUDIT_IMPORT Mathlib.Util.ElabWithoutMVars
AUDIT_IMPORT Mathlib.Tactic.Linarith.Frontend
AUDIT_IMPORT Mathlib.Tactic.Linarith
AUDIT_IMPORT Mathlib.Algebra.Order.Floor.Ring
AUDIT_IMPORT Mathlib.Algebra.Order.Round
AUDIT_IMPORT Mathlib.Tactic.Ring.PNat
AUDIT_IMPORT Mathlib.Tactic.Ring.RingNF
AUDIT_IMPORT Mathlib.Tactic.Ring
AUDIT_IMPORT Mathlib.Data.Rat.Floor
AUDIT_IMPORT Mathlib.Algebra.Order.Group.Basic
AUDIT_IMPORT Mathlib.Algebra.Order.Ring.Pow
AUDIT_IMPORT Mathlib.Data.Rat.Cast.Lemmas
AUDIT_IMPORT Mathlib.Algebra.Order.Archimedean.Basic
AUDIT_IMPORT Mathlib.Algebra.Ring.Periodic
AUDIT_IMPORT Mathlib.Algebra.Field.Periodic
AUDIT_IMPORT Mathlib.Algebra.BigOperators.Group.Finset.Lemmas
AUDIT_IMPORT Mathlib.Algebra.Group.Action.Pi
AUDIT_IMPORT Mathlib.Algebra.GroupWithZero.Pi
AUDIT_IMPORT Mathlib.Algebra.Ring.Pi
AUDIT_IMPORT Mathlib.Data.FunLike.IsApply
AUDIT_IMPORT Mathlib.Algebra.BigOperators.Pi
AUDIT_IMPORT Mathlib.Algebra.BigOperators.Group.Finset.Pi
AUDIT_IMPORT Mathlib.Data.Multiset.Antidiagonal
AUDIT_IMPORT Mathlib.Data.Multiset.Sections
AUDIT_IMPORT Mathlib.Algebra.BigOperators.Ring.Multiset
AUDIT_IMPORT Mathlib.Algebra.BigOperators.Ring.Finset
AUDIT_IMPORT Mathlib.Algebra.Group.AddChar
AUDIT_IMPORT Mathlib.Algebra.FiniteSupport.Defs
AUDIT_IMPORT Mathlib.Algebra.Notation.FiniteSupport
AUDIT_IMPORT Mathlib.Algebra.Group.Indicator
AUDIT_IMPORT Mathlib.Algebra.Order.Group.Indicator
AUDIT_IMPORT Mathlib.Algebra.GroupWithZero.Indicator
AUDIT_IMPORT Mathlib.Algebra.Module.Basic
AUDIT_IMPORT Mathlib.Algebra.FiniteSupport.Basic
AUDIT_IMPORT Mathlib.Algebra.Group.Hom.End
AUDIT_IMPORT Mathlib.Algebra.Module.End
AUDIT_IMPORT Mathlib.Algebra.Order.AbsoluteValue.Basic
AUDIT_IMPORT Mathlib.Algebra.Order.BigOperators.GroupWithZero.Finset
AUDIT_IMPORT Mathlib.Algebra.Order.BigOperators.GroupWithZero.List
AUDIT_IMPORT Mathlib.Algebra.Order.BigOperators.GroupWithZero.Multiset
AUDIT_IMPORT Mathlib.Algebra.Order.BigOperators.Ring.List
AUDIT_IMPORT Mathlib.Algebra.Order.BigOperators.Ring.Multiset
AUDIT_IMPORT Mathlib.Algebra.Order.BigOperators.Ring.Finset
AUDIT_IMPORT Mathlib.Algebra.BigOperators.Finprod
AUDIT_IMPORT Mathlib.Algebra.BigOperators.GroupWithZero.Action
AUDIT_IMPORT Mathlib.Algebra.Module.BigOperators
AUDIT_IMPORT Mathlib.Algebra.Module.Submodule.Defs
AUDIT_IMPORT Mathlib.Algebra.Module.Submodule.Basic
AUDIT_IMPORT Mathlib.Algebra.Module.RingHom
AUDIT_IMPORT Mathlib.Algebra.Module.LinearMap.Defs
AUDIT_IMPORT Mathlib.Algebra.Module.Equiv.Defs
AUDIT_IMPORT Mathlib.Algebra.Group.PUnit
AUDIT_IMPORT Mathlib.Algebra.Ring.PUnit
AUDIT_IMPORT Mathlib.Algebra.Module.PUnit
AUDIT_IMPORT Mathlib.Algebra.Module.Submodule.Lattice
AUDIT_IMPORT Mathlib.Algebra.Module.Equiv.Opposite
AUDIT_IMPORT Mathlib.Algebra.Module.LinearMap.End
AUDIT_IMPORT Mathlib.Algebra.Module.Submodule.LinearMap
AUDIT_IMPORT Mathlib.Algebra.Module.Submodule.Map
AUDIT_IMPORT Mathlib.Algebra.Group.Action.TransferInstance
AUDIT_IMPORT Mathlib.Algebra.GroupWithZero.Action.TransferInstance
AUDIT_IMPORT Mathlib.Algebra.NoZeroSMulDivisors.Defs
AUDIT_IMPORT Mathlib.Algebra.Module.TransferInstance
AUDIT_IMPORT Mathlib.Algebra.Group.Pi.Torsion
AUDIT_IMPORT Mathlib.Data.List.Find
AUDIT_IMPORT Mathlib.Data.Multiset.Find
AUDIT_IMPORT Mathlib.Data.Finsupp.Defs
AUDIT_IMPORT Mathlib.Data.Finsupp.Single
AUDIT_IMPORT Mathlib.Algebra.Group.Finsupp
AUDIT_IMPORT Mathlib.Data.Finsupp.Ext
AUDIT_IMPORT Mathlib.Data.Finsupp.Indicator
AUDIT_IMPORT Mathlib.Algebra.BigOperators.Finsupp.Basic
AUDIT_IMPORT Mathlib.Algebra.BigOperators.Group.Finset.Preimage
AUDIT_IMPORT Mathlib.Data.Rat.BigOperators
AUDIT_IMPORT Mathlib.Data.Finsupp.Basic
AUDIT_IMPORT Mathlib.Data.Finsupp.SMulWithZero
AUDIT_IMPORT Mathlib.Algebra.MonoidAlgebra.Defs
AUDIT_IMPORT Mathlib.Algebra.MonoidAlgebra.MapDomain
AUDIT_IMPORT Mathlib.Algebra.MonoidAlgebra.Lift
AUDIT_IMPORT Mathlib.Order.Hom.CompleteLattice
AUDIT_IMPORT Mathlib.Algebra.Module.Submodule.RestrictScalars
AUDIT_IMPORT Mathlib.Algebra.Module.Submodule.Ker
AUDIT_IMPORT Mathlib.Algebra.Module.Submodule.Range
AUDIT_IMPORT Mathlib.Algebra.Module.Submodule.Equiv
AUDIT_IMPORT Mathlib.Data.Finsupp.Option
AUDIT_IMPORT Mathlib.Algebra.GroupWithZero.Action.Hom
AUDIT_IMPORT Mathlib.GroupTheory.GroupAction.DomAct.Basic
AUDIT_IMPORT Mathlib.Algebra.Module.Hom
AUDIT_IMPORT Mathlib.Algebra.GroupWithZero.Action.Pi
AUDIT_IMPORT Mathlib.Algebra.Module.Pi
AUDIT_IMPORT Mathlib.Algebra.Module.Torsion.Pi
AUDIT_IMPORT Mathlib.Algebra.Module.LinearMap.Basic
AUDIT_IMPORT Mathlib.Algebra.GroupWithZero.Action.Prod
AUDIT_IMPORT Mathlib.Algebra.Module.Prod
AUDIT_IMPORT Mathlib.Algebra.Module.Equiv.Basic
AUDIT_IMPORT Mathlib.Data.Finsupp.SMul
AUDIT_IMPORT Mathlib.LinearAlgebra.Finsupp.Defs
AUDIT_IMPORT Mathlib.LinearAlgebra.Finsupp.LSum
AUDIT_IMPORT Mathlib.LinearAlgebra.Span.Defs
AUDIT_IMPORT Mathlib.LinearAlgebra.Finsupp.Supported
AUDIT_IMPORT Mathlib.LinearAlgebra.Finsupp.LinearCombination
AUDIT_IMPORT Mathlib.LinearAlgebra.Basis.Defs
AUDIT_IMPORT Mathlib.Algebra.GroupWithZero.Action.Regular
AUDIT_IMPORT Mathlib.Algebra.GroupWithZero.NonZeroDivisors
AUDIT_IMPORT Mathlib.Algebra.Module.Submodule.Pointwise
AUDIT_IMPORT Mathlib.Basic.Finite.Set
AUDIT_IMPORT Mathlib.Data.Finset.Order
AUDIT_IMPORT Mathlib.Data.Set.Lattice.Order
AUDIT_IMPORT Mathlib.Order.ModularLattice
AUDIT_IMPORT Mathlib.Order.Atoms
AUDIT_IMPORT Mathlib.Order.Interval.Set.OrderIso
AUDIT_IMPORT Mathlib.Data.Finset.Lattice.Prod
AUDIT_IMPORT Mathlib.Order.Closure
AUDIT_IMPORT Mathlib.Order.SupClosed
AUDIT_IMPORT Mathlib.Order.SupIndep
AUDIT_IMPORT Mathlib.Order.CompactlyGenerated.Basic
AUDIT_IMPORT Mathlib.Algebra.Module.Submodule.EqLocus
AUDIT_IMPORT Mathlib.Algebra.Module.Torsion.Field
AUDIT_IMPORT Mathlib.LinearAlgebra.Span.Basic
AUDIT_IMPORT Mathlib.Algebra.MonoidAlgebra.Module
AUDIT_IMPORT Mathlib.Algebra.Group.Pointwise.Set.ListOfFn
AUDIT_IMPORT Mathlib.Data.Finset.NAry
AUDIT_IMPORT Mathlib.Algebra.Group.Pointwise.Finset.Basic
AUDIT_IMPORT Mathlib.Data.DFinsupp.Defs
AUDIT_IMPORT Mathlib.Algebra.Group.UniqueProds.Basic
AUDIT_IMPORT Mathlib.Algebra.MonoidAlgebra.Opposite
AUDIT_IMPORT Mathlib.Algebra.MonoidAlgebra.NoZeroDivisors
AUDIT_IMPORT Mathlib.Algebra.Ring.Action.Rat
AUDIT_IMPORT Mathlib.Data.Multiset.Sort
AUDIT_IMPORT Mathlib.Data.Finset.Sort
AUDIT_IMPORT Mathlib.Algebra.Polynomial.Basic
AUDIT_IMPORT Mathlib.Algebra.Polynomial.Eval.Defs
AUDIT_IMPORT Mathlib.Algebra.Order.Group.MinMax
AUDIT_IMPORT Mathlib.Order.Filter.Defs
AUDIT_IMPORT Mathlib.Order.Filter.Basic
AUDIT_IMPORT Mathlib.Order.Filter.Map
AUDIT_IMPORT Mathlib.Order.Filter.Bases.Basic
AUDIT_IMPORT Mathlib.Order.Filter.AtTopBot.Defs
AUDIT_IMPORT Mathlib.Order.Interval.Set.Disjoint
AUDIT_IMPORT Mathlib.Order.Filter.AtTopBot.Disjoint
AUDIT_IMPORT Mathlib.Order.Filter.Tendsto
AUDIT_IMPORT Mathlib.Order.Filter.AtTopBot.Tendsto
AUDIT_IMPORT Mathlib.Order.Filter.AtTopBot.Basic
AUDIT_IMPORT Mathlib.Order.Filter.AtTopBot.Map
AUDIT_IMPORT Mathlib.Order.Filter.AtTopBot.Monoid
AUDIT_IMPORT Mathlib.Order.Filter.AtTopBot.Group
AUDIT_IMPORT Mathlib.Order.Filter.AtTopBot.Ring
AUDIT_IMPORT Mathlib.Order.Filter.AtTopBot.Field
AUDIT_IMPORT Mathlib.Algebra.Order.Group.Action.Synonym
AUDIT_IMPORT Mathlib.Algebra.Order.GroupWithZero.Synonym
AUDIT_IMPORT Mathlib.Algebra.Order.GroupWithZero.Action.Synonym
AUDIT_IMPORT Mathlib.Algebra.Order.Module.Defs
AUDIT_IMPORT Mathlib.Tactic.LinearCombination.Lemmas
AUDIT_IMPORT Mathlib.Tactic.Ring.Compare
AUDIT_IMPORT Mathlib.Tactic.LinearCombination
AUDIT_IMPORT Mathlib.Algebra.QuadraticDiscriminant
AUDIT_IMPORT Mathlib.Algebra.Algebra.Defs
AUDIT_IMPORT Mathlib.GroupTheory.GroupAction.Ring
AUDIT_IMPORT Mathlib.Algebra.Order.CauSeq.Basic
AUDIT_IMPORT Mathlib.Algebra.Order.CauSeq.Completion
AUDIT_IMPORT Mathlib.Basic.Real.Basic
AUDIT_IMPORT Mathlib.Algebra.Order.Group.Pointwise.Bounds
AUDIT_IMPORT Mathlib.Algebra.Order.Group.Pointwise.CompleteLattice
AUDIT_IMPORT Mathlib.Algebra.Order.Archimedean.Real.Basic
AUDIT_IMPORT Mathlib.Algebra.Order.Nonneg.Module
AUDIT_IMPORT Mathlib.Basic.NNReal.Defs
AUDIT_IMPORT Mathlib.Data.FunLike.Group
AUDIT_IMPORT Mathlib.Data.FunLike.Module
AUDIT_IMPORT Mathlib.Order.ConditionallyCompleteLattice.Group
AUDIT_IMPORT Mathlib.Analysis.Normed.Group.Seminorm
AUDIT_IMPORT Mathlib.Basic.ENNReal.Basic
AUDIT_IMPORT Mathlib.Basic.ENNReal.Real
AUDIT_IMPORT Mathlib.Tactic.Finiteness
AUDIT_IMPORT Mathlib.Basic.ENNReal.Operations
AUDIT_IMPORT Mathlib.Data.EReal.Basic
AUDIT_IMPORT Mathlib.Order.Interval.Set.OrdConnectedComponent
AUDIT_IMPORT Mathlib.Order.Filter.Prod
AUDIT_IMPORT Mathlib.Order.Filter.Lift
AUDIT_IMPORT Mathlib.Order.Filter.SmallSets
AUDIT_IMPORT Mathlib.Order.Filter.Finite
AUDIT_IMPORT Mathlib.Order.Filter.Bases.Finite
AUDIT_IMPORT Mathlib.Order.Filter.Interval
AUDIT_IMPORT Mathlib.Order.Interval.Set.Pi
AUDIT_IMPORT Mathlib.Order.OrdContinuous
AUDIT_IMPORT Mathlib.Data.Fin.VecNotation
AUDIT_IMPORT Mathlib.Data.Set.Finite.Lemmas
AUDIT_IMPORT Mathlib.Order.Filter.CountablyGenerated
AUDIT_IMPORT Mathlib.Order.Filter.Ker
AUDIT_IMPORT Mathlib.Order.Filter.Pi
AUDIT_IMPORT Mathlib.Order.Heyting.Boundary
AUDIT_IMPORT Mathlib.Order.Filter.Cofinite
AUDIT_IMPORT Mathlib.Order.Filter.Curry
AUDIT_IMPORT Mathlib.Tactic.Continuity.Init
AUDIT_IMPORT Mathlib.Tactic.Continuity
AUDIT_IMPORT Mathlib.Util.DelabNonCanonical
AUDIT_IMPORT Mathlib.Topology.Defs.Basic
AUDIT_IMPORT Mathlib.Topology.ContinuousMap.Defs
AUDIT_IMPORT Mathlib.Topology.Defs.Filter
AUDIT_IMPORT Mathlib.Topology.Basic
AUDIT_IMPORT Mathlib.Topology.Closure
AUDIT_IMPORT Mathlib.Topology.Neighborhoods
AUDIT_IMPORT Mathlib.Topology.ClusterPt
AUDIT_IMPORT Mathlib.Topology.Continuous
AUDIT_IMPORT Mathlib.Topology.Defs.Induced
AUDIT_IMPORT Mathlib.Topology.Order
AUDIT_IMPORT Mathlib.Topology.NhdsSet
AUDIT_IMPORT Mathlib.Topology.Maps.Basic
AUDIT_IMPORT Mathlib.Topology.Maps.OpenQuotient
AUDIT_IMPORT Mathlib.Topology.Homeomorph.Defs
AUDIT_IMPORT Mathlib.Topology.Separation.SeparatedNhds
AUDIT_IMPORT Mathlib.Topology.Constructions.SumProd
AUDIT_IMPORT Mathlib.Topology.WithTopology
AUDIT_IMPORT Mathlib.Topology.Constructions
AUDIT_IMPORT Mathlib.Topology.NhdsWithin
AUDIT_IMPORT Mathlib.Topology.ContinuousOn
AUDIT_IMPORT Mathlib.Topology.Order.LeftRight
AUDIT_IMPORT Mathlib.Basic.Rel
AUDIT_IMPORT Mathlib.Data.Set.Constructions
AUDIT_IMPORT Mathlib.Order.Filter.AtTopBot.Finite
AUDIT_IMPORT Mathlib.Order.Filter.AtTopBot.Prod
AUDIT_IMPORT Mathlib.Order.Filter.AtTopBot.CountablyGenerated
AUDIT_IMPORT Mathlib.Topology.Bases
AUDIT_IMPORT Mathlib.Data.Fintype.Order
AUDIT_IMPORT Mathlib.Order.PartialSups
AUDIT_IMPORT Mathlib.Order.SetAccumulate
AUDIT_IMPORT Mathlib.Topology.Bornology.Basic
AUDIT_IMPORT Mathlib.Order.ZornAtoms
AUDIT_IMPORT Mathlib.Order.Filter.Ultrafilter.Defs
AUDIT_IMPORT Mathlib.Order.Filter.Ultrafilter.Basic
AUDIT_IMPORT Mathlib.Topology.Ultrafilter
AUDIT_IMPORT Mathlib.Topology.Defs.Ultrafilter
AUDIT_IMPORT Mathlib.Topology.Compactness.Compact
AUDIT_IMPORT Mathlib.Topology.Compactness.LocallyCompact
AUDIT_IMPORT Mathlib.Topology.LocallyFinite
AUDIT_IMPORT Mathlib.Topology.Compactness.LocallyFinite
AUDIT_IMPORT Mathlib.Topology.Compactness.SigmaCompact
AUDIT_IMPORT Mathlib.Tactic.TautoSet
AUDIT_IMPORT Mathlib.Order.UpperLower.CompleteLattice
AUDIT_IMPORT Mathlib.Order.UpperLower.Principal
AUDIT_IMPORT Mathlib.Order.UpperLower.Closure
AUDIT_IMPORT Mathlib.Order.UpperLower.Fibration
AUDIT_IMPORT Mathlib.Topology.Inseparable
AUDIT_IMPORT Mathlib.Topology.Piecewise
AUDIT_IMPORT Mathlib.Topology.Separation.Basic
AUDIT_IMPORT Mathlib.Topology.LocallyClosed
AUDIT_IMPORT Mathlib.Topology.DiscreteSubset
AUDIT_IMPORT Mathlib.Topology.Irreducible
AUDIT_IMPORT Mathlib.Topology.Separation.Hausdorff
AUDIT_IMPORT Mathlib.Topology.Order.OrderClosed
AUDIT_IMPORT Mathlib.Topology.Order.Basic
AUDIT_IMPORT Mathlib.Order.Filter.CountableInter
AUDIT_IMPORT Mathlib.Topology.Compactness.Lindelof
AUDIT_IMPORT Mathlib.Data.Set.Functor
AUDIT_IMPORT Mathlib.Data.Set.Subset
AUDIT_IMPORT Mathlib.Data.Set.BoolIndicator
AUDIT_IMPORT Mathlib.Topology.Clopen
AUDIT_IMPORT Mathlib.Order.SuccPred.Relation
AUDIT_IMPORT Mathlib.Topology.Connected.Basic
AUDIT_IMPORT Mathlib.Topology.Connected.Clopen
AUDIT_IMPORT Mathlib.Topology.Separation.Regular
AUDIT_IMPORT Mathlib.Topology.Order.T5
AUDIT_IMPORT Mathlib.Topology.Order.Real
AUDIT_IMPORT Mathlib.Algebra.NoZeroSMulDivisors.Basic
AUDIT_IMPORT Mathlib.Algebra.Order.Module.Field
AUDIT_IMPORT Mathlib.Tactic.Group
AUDIT_IMPORT Mathlib.Basic.ENNReal.Inv
AUDIT_IMPORT Mathlib.Basic.Rel.Separated
AUDIT_IMPORT Mathlib.Basic.Rel.Cover
AUDIT_IMPORT Mathlib.Topology.UniformSpace.Defs
AUDIT_IMPORT Mathlib.Topology.UniformSpace.Basic
AUDIT_IMPORT Mathlib.Topology.UniformSpace.OfFun
AUDIT_IMPORT Mathlib.Topology.EMetricSpace.Defs
AUDIT_IMPORT Mathlib.Topology.MetricSpace.Pseudo.Defs
AUDIT_IMPORT Mathlib.Topology.MetricSpace.Defs
AUDIT_IMPORT Mathlib.Analysis.Normed.Group.Defs
AUDIT_IMPORT Mathlib.Algebra.Algebra.Rat
AUDIT_IMPORT Mathlib.Algebra.Order.Ring.NNRat
AUDIT_IMPORT Mathlib.Data.Finset.Density
AUDIT_IMPORT Mathlib.Algebra.BigOperators.Group.Finset.Indicator
AUDIT_IMPORT Mathlib.Algebra.BigOperators.Expect
AUDIT_IMPORT Mathlib.Algebra.Order.Nonneg.Floor
AUDIT_IMPORT Mathlib.Algebra.Order.Module.Pointwise
AUDIT_IMPORT Mathlib.Basic.Real.Pointwise
AUDIT_IMPORT Mathlib.Basic.NNReal.Basic
AUDIT_IMPORT Mathlib.Topology.Algebra.Support
AUDIT_IMPORT Mathlib.Topology.UniformSpace.Compact
AUDIT_IMPORT Mathlib.Logic.Equiv.Fin.Basic
AUDIT_IMPORT Mathlib.Topology.Connected.LocallyConnected
AUDIT_IMPORT Mathlib.Topology.DenseEmbedding
AUDIT_IMPORT Mathlib.Topology.Connected.TotallyDisconnected
AUDIT_IMPORT Mathlib.Topology.GDelta.Basic
AUDIT_IMPORT Mathlib.Topology.Baire.Lemmas
AUDIT_IMPORT Mathlib.Topology.Homeomorph.Lemmas
AUDIT_IMPORT Mathlib.Topology.Algebra.Constructions
AUDIT_IMPORT Mathlib.Topology.UniformSpace.DiscreteUniformity
AUDIT_IMPORT Mathlib.Topology.UniformSpace.Cauchy
AUDIT_IMPORT Mathlib.Topology.UniformSpace.UniformConvergence
AUDIT_IMPORT Mathlib.Topology.UniformSpace.LocallyUniformConvergence
AUDIT_IMPORT Mathlib.Topology.UniformSpace.Separation
AUDIT_IMPORT Mathlib.Topology.UniformSpace.UniformEmbedding
AUDIT_IMPORT Mathlib.Topology.EMetricSpace.Basic
AUDIT_IMPORT Mathlib.Topology.UniformSpace.Pi
AUDIT_IMPORT Mathlib.Topology.Metrizable.Basic
AUDIT_IMPORT Mathlib.Topology.MetricSpace.Pseudo.Basic
AUDIT_IMPORT Mathlib.Topology.Bornology.Constructions
AUDIT_IMPORT Mathlib.Topology.MetricSpace.Pseudo.Constructions
AUDIT_IMPORT Mathlib.Order.Filter.AtTopBot.CompleteLattice
AUDIT_IMPORT Mathlib.Topology.Order.LeftRightNhds
AUDIT_IMPORT Mathlib.Topology.Order.IsLUB
AUDIT_IMPORT Mathlib.Topology.Order.DenselyOrdered
AUDIT_IMPORT Mathlib.Topology.MetricSpace.Pseudo.Lemmas
AUDIT_IMPORT Mathlib.Basic.ENNReal.Lemmas
AUDIT_IMPORT Mathlib.Topology.EMetricSpace.Pi
AUDIT_IMPORT Mathlib.Topology.MetricSpace.Pseudo.Pi
AUDIT_IMPORT Mathlib.Topology.MetricSpace.Basic
AUDIT_IMPORT Mathlib.Analysis.Normed.Group.Basic
AUDIT_IMPORT Mathlib.Analysis.Normed.Group.Real
AUDIT_IMPORT Mathlib.Algebra.Group.EvenFunction
AUDIT_IMPORT Mathlib.Logic.Encodable.Lattice
AUDIT_IMPORT Mathlib.Order.Filter.AtTopBot.Finset
AUDIT_IMPORT Mathlib.Order.Filter.NAry
AUDIT_IMPORT Mathlib.Order.Filter.Pointwise
AUDIT_IMPORT Mathlib.Algebra.Torsor.Defs
AUDIT_IMPORT Mathlib.Algebra.GroupWithZero.ULift
AUDIT_IMPORT Mathlib.Algebra.Module.ULift
AUDIT_IMPORT Mathlib.Topology.Algebra.ConstMulAction
AUDIT_IMPORT Mathlib.Topology.Algebra.Monoid.Defs
AUDIT_IMPORT Mathlib.Topology.Algebra.Group.Defs
AUDIT_IMPORT Mathlib.Topology.Algebra.MulAction
AUDIT_IMPORT Mathlib.Data.Set.UnionLift
AUDIT_IMPORT Mathlib.Topology.ContinuousMap.Basic
AUDIT_IMPORT Mathlib.Topology.Algebra.Monoid
AUDIT_IMPORT Mathlib.Topology.Algebra.GroupWithZero
AUDIT_IMPORT Mathlib.Order.Filter.IsBounded
AUDIT_IMPORT Mathlib.Order.LiminfLimsup
AUDIT_IMPORT Mathlib.Topology.Algebra.InfiniteSum.SummationFilter
AUDIT_IMPORT Mathlib.Topology.Algebra.InfiniteSum.Defs
AUDIT_IMPORT Mathlib.Order.Filter.AtTopBot.BigOperators
AUDIT_IMPORT Mathlib.Topology.Algebra.InfiniteSum.Basic
AUDIT_IMPORT Mathlib.Topology.Algebra.Group.ContinuousInv
AUDIT_IMPORT Mathlib.Topology.Algebra.Group.Basic
AUDIT_IMPORT Mathlib.Topology.Algebra.Group.Neighborhood
AUDIT_IMPORT Mathlib.Topology.Algebra.IsUniformGroup.Defs
AUDIT_IMPORT Mathlib.Topology.Algebra.Group.ContinuousDiv
AUDIT_IMPORT Mathlib.Topology.Algebra.Group.Subgroup
AUDIT_IMPORT Mathlib.Topology.Maps.Proper.Basic
AUDIT_IMPORT Mathlib.Topology.Algebra.Group.Pointwise
AUDIT_IMPORT Mathlib.Topology.Algebra.InfiniteSum.Group
AUDIT_IMPORT Mathlib.Topology.Algebra.InfiniteSum.NatInt
AUDIT_IMPORT Mathlib.RingTheory.NonUnitalSubsemiring.Defs
AUDIT_IMPORT Mathlib.Algebra.Ring.Subsemiring.Defs
AUDIT_IMPORT Mathlib.RingTheory.NonUnitalSubring.Defs
AUDIT_IMPORT Mathlib.Algebra.Ring.Subring.Defs
AUDIT_IMPORT Mathlib.Algebra.Field.Subfield.Defs
AUDIT_IMPORT Mathlib.Algebra.Order.Interval.Set.Monoid
AUDIT_IMPORT Mathlib.Algebra.Order.Group.Pointwise.Interval
AUDIT_IMPORT Mathlib.Algebra.Ring.Action.Subobjects
AUDIT_IMPORT Mathlib.Algebra.Group.Subsemigroup.Membership
AUDIT_IMPORT Mathlib.Algebra.Group.Subsemigroup.Operations
AUDIT_IMPORT Mathlib.Algebra.GroupWithZero.Center
AUDIT_IMPORT Mathlib.Algebra.Ring.Center
AUDIT_IMPORT Mathlib.Algebra.Ring.Centralizer
AUDIT_IMPORT Mathlib.Algebra.Ring.Submonoid.Basic
AUDIT_IMPORT Mathlib.RingTheory.NonUnitalSubsemiring.Basic
AUDIT_IMPORT Mathlib.Algebra.Ring.Subsemiring.Basic
AUDIT_IMPORT Mathlib.Topology.Algebra.ContinuousMonoidHom
AUDIT_IMPORT Mathlib.Topology.Algebra.Group.GroupTopology
AUDIT_IMPORT Mathlib.Topology.Algebra.Ring.Basic
AUDIT_IMPORT Mathlib.Order.Filter.Extr
AUDIT_IMPORT Mathlib.Topology.Order.LocalExtr
AUDIT_IMPORT Mathlib.Topology.Algebra.Field
AUDIT_IMPORT Mathlib.Topology.Algebra.Order.Group
AUDIT_IMPORT Mathlib.Topology.Algebra.Order.Field
AUDIT_IMPORT Mathlib.Topology.Order.MonotoneConvergence
AUDIT_IMPORT Mathlib.Topology.Algebra.InfiniteSum.Order
AUDIT_IMPORT Mathlib.Algebra.BigOperators.NatAntidiagonal
AUDIT_IMPORT Mathlib.Data.Finset.Fin
AUDIT_IMPORT Mathlib.Order.Interval.Set.Fin
AUDIT_IMPORT Mathlib.Order.Interval.Finset.Fin
AUDIT_IMPORT Mathlib.Data.Fintype.Pigeonhole
AUDIT_IMPORT Mathlib.Order.SuccPred.LinearLocallyFinite
AUDIT_IMPORT Mathlib.Order.Disjointed
AUDIT_IMPORT Mathlib.Algebra.Order.BigOperators.Group.LocallyFinite
AUDIT_IMPORT Mathlib.Algebra.Order.Interval.Finset.Basic
AUDIT_IMPORT Mathlib.Algebra.BigOperators.Intervals
AUDIT_IMPORT Mathlib.Algebra.Ring.GeomSum
AUDIT_IMPORT Mathlib.Algebra.Ring.Aut
AUDIT_IMPORT Mathlib.Algebra.Star.Basic
AUDIT_IMPORT Mathlib.Topology.Algebra.Star
AUDIT_IMPORT Mathlib.Topology.Algebra.InfiniteSum.Constructions
AUDIT_IMPORT Mathlib.Topology.Algebra.InfiniteSum.Ring
AUDIT_IMPORT Mathlib.Data.EReal.Operations
AUDIT_IMPORT Mathlib.Topology.Order.Bornology
AUDIT_IMPORT Lean.Meta.Canonicalizer
AUDIT_IMPORT Lean.Elab.Tactic.Omega.OmegaM
AUDIT_IMPORT Lean.Elab.Tactic.Omega.MinNatAbs
AUDIT_IMPORT Lean.Elab.Tactic.Omega.Core
AUDIT_IMPORT Lean.Elab.Tactic.FalseOrByContra
AUDIT_IMPORT Lean.Elab.Tactic.Omega.Frontend
AUDIT_IMPORT Lean.Elab.Tactic.Omega
AUDIT_IMPORT Mathlib.Tactic.Order.CollectFacts
AUDIT_IMPORT Mathlib.Tactic.Order.Graph.Basic
AUDIT_IMPORT Mathlib.Tactic.Order.Graph.Tarjan
AUDIT_IMPORT Mathlib.Tactic.Order.Preprocessing
AUDIT_IMPORT Mathlib.Tactic.Order.ToInt
AUDIT_IMPORT Mathlib.Tactic.Order
AUDIT_IMPORT Mathlib.Topology.Order.Monotone
AUDIT_IMPORT Mathlib.Topology.Order.IntermediateValue
AUDIT_IMPORT Mathlib.Topology.Order.Compact
AUDIT_IMPORT Mathlib.Topology.MetricSpace.ProperSpace
AUDIT_IMPORT Mathlib.Topology.MetricSpace.Cauchy
AUDIT_IMPORT Mathlib.Topology.EMetricSpace.Diam
AUDIT_IMPORT Mathlib.Topology.MetricSpace.Bounded
AUDIT_IMPORT Mathlib.Topology.Bornology.Real
AUDIT_IMPORT Mathlib.Data.Int.Interval
AUDIT_IMPORT Mathlib.Data.Int.ConditionallyCompleteOrder
AUDIT_IMPORT Mathlib.Topology.Instances.Discrete
AUDIT_IMPORT Mathlib.Topology.Instances.Int
AUDIT_IMPORT Mathlib.Topology.Order.MonotoneContinuity
AUDIT_IMPORT Mathlib.Topology.UniformSpace.Real
AUDIT_IMPORT Mathlib.Topology.Algebra.Ring.Real
AUDIT_IMPORT Mathlib.Topology.Instances.NNReal.Lemmas
AUDIT_IMPORT Mathlib.Analysis.Real.Sqrt
AUDIT_IMPORT Mathlib.Algebra.Ring.Torsion
AUDIT_IMPORT Mathlib.Basic.Complex.Basic
AUDIT_IMPORT Mathlib.Analysis.Complex.Norm
AUDIT_IMPORT Mathlib.Analysis.Complex.Order
AUDIT_IMPORT Mathlib.RingTheory.NonUnitalSubring.Basic
AUDIT_IMPORT Mathlib.Algebra.Ring.Subring.Basic
AUDIT_IMPORT Mathlib.Algebra.Ring.Hom.InjSurj
AUDIT_IMPORT Mathlib.Algebra.Algebra.Basic
AUDIT_IMPORT Mathlib.Algebra.Algebra.Hom
AUDIT_IMPORT Mathlib.GroupTheory.Congruence.Basic
AUDIT_IMPORT Mathlib.RingTheory.Congruence.Defs
AUDIT_IMPORT Mathlib.RingTheory.Congruence.Basic
AUDIT_IMPORT Mathlib.GroupTheory.Congruence.Opposite
AUDIT_IMPORT Mathlib.RingTheory.Congruence.Opposite
AUDIT_IMPORT Mathlib.RingTheory.TwoSidedIdeal.Basic
AUDIT_IMPORT Mathlib.RingTheory.TwoSidedIdeal.Lattice
AUDIT_IMPORT Mathlib.RingTheory.SimpleRing.Defs
AUDIT_IMPORT Mathlib.RingTheory.TwoSidedIdeal.Kernel
AUDIT_IMPORT Mathlib.RingTheory.SimpleRing.Basic
AUDIT_IMPORT Mathlib.Algebra.Algebra.IsSimpleRing
AUDIT_IMPORT Mathlib.Algebra.BigOperators.Balance
AUDIT_IMPORT Mathlib.Algebra.Module.Rat
AUDIT_IMPORT Mathlib.Algebra.Order.Module.Rat
AUDIT_IMPORT Mathlib.Algebra.Order.BigOperators.Expect
AUDIT_IMPORT Mathlib.Algebra.Order.Group.Opposite
AUDIT_IMPORT Mathlib.Algebra.Star.Rat
AUDIT_IMPORT Mathlib.Algebra.Star.SelfAdjoint
AUDIT_IMPORT Mathlib.Algebra.Star.StarRingHom
AUDIT_IMPORT Mathlib.Tactic.ContinuousFunctionalCalculus
AUDIT_IMPORT Mathlib.Algebra.GroupWithZero.Idempotent
AUDIT_IMPORT Mathlib.Algebra.Ring.Idempotent
AUDIT_IMPORT Mathlib.Algebra.Star.StarProjection
AUDIT_IMPORT Mathlib.Algebra.Order.Star.Basic
AUDIT_IMPORT Mathlib.Algebra.Star.Pi
AUDIT_IMPORT Mathlib.Algebra.Algebra.NonUnitalHom
AUDIT_IMPORT Mathlib.LinearAlgebra.BilinearMap
AUDIT_IMPORT Mathlib.Algebra.Module.Submodule.Bilinear
AUDIT_IMPORT Mathlib.LinearAlgebra.TensorProduct.Defs
AUDIT_IMPORT Mathlib.LinearAlgebra.TensorProduct.Basic
AUDIT_IMPORT Mathlib.Algebra.Group.Shrink
AUDIT_IMPORT Mathlib.Algebra.Module.Shrink
AUDIT_IMPORT Mathlib.LinearAlgebra.TensorProduct.Map
AUDIT_IMPORT Mathlib.Algebra.Algebra.Bilinear
AUDIT_IMPORT Mathlib.Algebra.Ring.Action.Group
AUDIT_IMPORT Mathlib.Algebra.Algebra.Equiv
AUDIT_IMPORT Mathlib.Algebra.Algebra.Opposite
AUDIT_IMPORT Mathlib.Algebra.Group.Pointwise.Set.BigOperators
AUDIT_IMPORT Mathlib.Algebra.Module.Submodule.Finsupp
AUDIT_IMPORT Mathlib.Algebra.Ring.NonZeroDivisors
AUDIT_IMPORT Mathlib.Algebra.Ring.Submonoid.Pointwise
AUDIT_IMPORT Mathlib.Algebra.Order.Kleene
AUDIT_IMPORT Mathlib.Data.Set.Semiring
AUDIT_IMPORT Mathlib.GroupTheory.GroupAction.SubMulAction.Pointwise
AUDIT_IMPORT Mathlib.Algebra.Algebra.Operations
AUDIT_IMPORT Mathlib.Algebra.Algebra.NonUnitalSubalgebra
AUDIT_IMPORT Mathlib.Algebra.Algebra.Subalgebra.Basic
AUDIT_IMPORT Mathlib.Algebra.Algebra.Subalgebra.Lattice
AUDIT_IMPORT Mathlib.Algebra.Algebra.Subalgebra.Directed
AUDIT_IMPORT Mathlib.Algebra.Algebra.Tower
AUDIT_IMPORT Mathlib.Algebra.Module.LinearMap.Star
AUDIT_IMPORT Mathlib.Algebra.Algebra.Prod
AUDIT_IMPORT Mathlib.Algebra.Group.Graph
AUDIT_IMPORT Mathlib.LinearAlgebra.Prod
AUDIT_IMPORT Mathlib.Algebra.Star.Module
AUDIT_IMPORT Mathlib.Algebra.Algebra.Pi
AUDIT_IMPORT Mathlib.Algebra.Star.StarAlgHom
AUDIT_IMPORT Mathlib.Algebra.Star.Pointwise
AUDIT_IMPORT Mathlib.Algebra.Star.Center
AUDIT_IMPORT Mathlib.Algebra.Star.Prod
AUDIT_IMPORT Mathlib.Algebra.Star.NonUnitalSubalgebra
AUDIT_IMPORT Mathlib.Algebra.Star.Subalgebra
AUDIT_IMPORT Mathlib.Data.DFinsupp.Module
AUDIT_IMPORT Mathlib.Algebra.Order.SuccPred.WithBot
AUDIT_IMPORT Mathlib.Data.ENat.Lattice
AUDIT_IMPORT Mathlib.Order.RelSeries
AUDIT_IMPORT Mathlib.Order.KrullDimension
AUDIT_IMPORT Mathlib.Data.Fintype.Lattice
AUDIT_IMPORT Mathlib.RingTheory.Coprime.Basic
AUDIT_IMPORT Mathlib.RingTheory.Coprime.Lemmas
AUDIT_IMPORT Mathlib.Algebra.Field.IsField
AUDIT_IMPORT Mathlib.Data.Nat.Choose.Sum
AUDIT_IMPORT Mathlib.RingTheory.Ideal.Defs
AUDIT_IMPORT Mathlib.RingTheory.Ideal.Lattice
AUDIT_IMPORT Mathlib.RingTheory.Ideal.Prime
AUDIT_IMPORT Mathlib.RingTheory.Ideal.Span
AUDIT_IMPORT Mathlib.RingTheory.Ideal.Maximal
AUDIT_IMPORT Mathlib.RingTheory.Ideal.Basic
AUDIT_IMPORT Mathlib.RingTheory.Ideal.Operations
AUDIT_IMPORT Mathlib.RingTheory.Ideal.Maps
AUDIT_IMPORT Mathlib.RingTheory.Ideal.Nonunits
AUDIT_IMPORT Mathlib.Tactic.NoncommRing
AUDIT_IMPORT Mathlib.Algebra.Algebra.Spectrum.Basic
AUDIT_IMPORT Mathlib.Algebra.Star.MonoidHom
AUDIT_IMPORT Mathlib.Algebra.Star.Unitary
AUDIT_IMPORT Mathlib.Analysis.Normed.Group.Int
AUDIT_IMPORT Mathlib.Analysis.Normed.Group.Subgroup
AUDIT_IMPORT Mathlib.Algebra.BigOperators.WithTop
AUDIT_IMPORT Mathlib.Basic.ENNReal.BigOperators
AUDIT_IMPORT Mathlib.Topology.EMetricSpace.Lipschitz
AUDIT_IMPORT Mathlib.Data.Rat.Encodable
AUDIT_IMPORT Mathlib.Topology.UniformSpace.CompleteSeparated
AUDIT_IMPORT Mathlib.Topology.MetricSpace.Antilipschitz
AUDIT_IMPORT Mathlib.Topology.MetricSpace.Isometry
AUDIT_IMPORT Mathlib.Topology.MetricSpace.ProperSpace.Real
AUDIT_IMPORT Mathlib.Topology.MetricSpace.Pseudo.Real
AUDIT_IMPORT Mathlib.Topology.Metrizable.Uniformity
AUDIT_IMPORT Mathlib.Topology.Order.LiminfLimsup
AUDIT_IMPORT Mathlib.Topology.Instances.ENNReal.Lemmas
AUDIT_IMPORT Mathlib.Topology.Defs.Sequences
AUDIT_IMPORT Mathlib.Topology.Sequences
AUDIT_IMPORT Mathlib.Analysis.Normed.Group.Continuity
AUDIT_IMPORT Mathlib.Topology.Coherent
AUDIT_IMPORT Mathlib.Topology.UniformSpace.Equiv
AUDIT_IMPORT Mathlib.Topology.UniformSpace.UniformApproximation
AUDIT_IMPORT Mathlib.Topology.UniformSpace.UniformConvergenceTopology
AUDIT_IMPORT Mathlib.Topology.UniformSpace.Equicontinuity
AUDIT_IMPORT Mathlib.Topology.UniformSpace.HeineCantor
AUDIT_IMPORT Mathlib.Topology.Algebra.IsUniformGroup.Constructions
AUDIT_IMPORT Mathlib.Topology.Algebra.Group.Quotient
AUDIT_IMPORT Mathlib.Topology.Algebra.IsUniformGroup.Basic
AUDIT_IMPORT Mathlib.Algebra.Module.LinearMap.DivisionRing
AUDIT_IMPORT Mathlib.Order.Sublattice
AUDIT_IMPORT Mathlib.Algebra.Module.Submodule.Invariant
AUDIT_IMPORT Mathlib.Data.FunLike.Ring
AUDIT_IMPORT Mathlib.Topology.Algebra.Group.ZPow
AUDIT_IMPORT Mathlib.Algebra.Group.Fin.Tuple
AUDIT_IMPORT Mathlib.LinearAlgebra.Pi
AUDIT_IMPORT Mathlib.LinearAlgebra.Quotient.Defs
AUDIT_IMPORT Mathlib.Topology.Algebra.Module.Basic
AUDIT_IMPORT Mathlib.Topology.Algebra.Module.ContinuousLinearMap.Basic
AUDIT_IMPORT Mathlib.Topology.Algebra.SeparationQuotient.Basic
AUDIT_IMPORT Mathlib.Topology.UniformSpace.AbstractCompletion
AUDIT_IMPORT Mathlib.Topology.UniformSpace.Completion
AUDIT_IMPORT Mathlib.Topology.Algebra.UniformMulAction
AUDIT_IMPORT Mathlib.Order.Interval.Set.ProjIcc
AUDIT_IMPORT Mathlib.Topology.Bornology.Hom
AUDIT_IMPORT Mathlib.Topology.MetricSpace.Lipschitz
AUDIT_IMPORT Mathlib.Topology.MetricSpace.Algebra
AUDIT_IMPORT Mathlib.Topology.EMetricSpace.MulOpposite
AUDIT_IMPORT Mathlib.Topology.MetricSpace.IsometricSMul
AUDIT_IMPORT Mathlib.Analysis.Normed.Group.Uniform
AUDIT_IMPORT Mathlib.Analysis.Normed.Group.Hom
AUDIT_IMPORT Mathlib.Algebra.Algebra.RestrictScalars
AUDIT_IMPORT Mathlib.Analysis.Normed.Group.Constructions
AUDIT_IMPORT Mathlib.Topology.Algebra.Module.ContinuousLinearMap.PiProd
AUDIT_IMPORT Mathlib.Topology.Algebra.Module.ContinuousLinearMap.Restrict
AUDIT_IMPORT Mathlib.Topology.Algebra.Module.Equiv
AUDIT_IMPORT Mathlib.Topology.Compactness.Bases
AUDIT_IMPORT Mathlib.Order.Copy
AUDIT_IMPORT Mathlib.Topology.Sets.Opens
AUDIT_IMPORT Mathlib.Topology.Sets.Closeds
AUDIT_IMPORT Mathlib.Topology.Algebra.Module.ClosedSubmodule
AUDIT_IMPORT Mathlib.Analysis.Normed.Group.Submodule
AUDIT_IMPORT Mathlib.Analysis.Normed.Ring.Basic
AUDIT_IMPORT Mathlib.Analysis.Normed.Field.Basic
AUDIT_IMPORT Mathlib.Algebra.Group.Subgroup.Order
AUDIT_IMPORT Mathlib.GroupTheory.Archimedean
AUDIT_IMPORT Mathlib.Topology.Algebra.Order.Archimedean
AUDIT_IMPORT Mathlib.Topology.Instances.Nat
AUDIT_IMPORT Mathlib.Topology.Instances.Rat
AUDIT_IMPORT Mathlib.Analysis.Normed.Group.Rat
AUDIT_IMPORT Mathlib.Algebra.Order.GroupWithZero.Finset
AUDIT_IMPORT Mathlib.Analysis.Normed.Group.Bounded
AUDIT_IMPORT Mathlib.Topology.MetricSpace.Dilation
AUDIT_IMPORT Mathlib.Analysis.Normed.Ring.Lemmas
AUDIT_IMPORT Mathlib.Topology.MetricSpace.DilationEquiv
AUDIT_IMPORT Mathlib.Algebra.Order.AddTorsor
AUDIT_IMPORT Mathlib.Basic.ENNReal.Action
AUDIT_IMPORT Mathlib.Analysis.Normed.MulAction
AUDIT_IMPORT Mathlib.Analysis.Normed.Field.Lemmas
AUDIT_IMPORT Mathlib.Analysis.Normed.Module.Basic
AUDIT_IMPORT Mathlib.Data.DFinsupp.Ext
AUDIT_IMPORT Mathlib.Data.DFinsupp.BigOperators
AUDIT_IMPORT Mathlib.Data.DFinsupp.Submonoid
AUDIT_IMPORT Mathlib.Data.List.Pi
AUDIT_IMPORT Mathlib.Data.Fintype.Quotient
AUDIT_IMPORT Mathlib.Data.DFinsupp.Sigma
AUDIT_IMPORT Mathlib.Data.Finsupp.ToDFinsupp
AUDIT_IMPORT Mathlib.LinearAlgebra.Finsupp.SumProd
AUDIT_IMPORT Mathlib.Data.Fintype.Fin
AUDIT_IMPORT Mathlib.Algebra.BigOperators.Fin
AUDIT_IMPORT Mathlib.Data.Fin.Tuple.Reflection
AUDIT_IMPORT Mathlib.LinearAlgebra.Dual.Defs
AUDIT_IMPORT Mathlib.LinearAlgebra.LinearIndependent.Defs
AUDIT_IMPORT Mathlib.Logic.Equiv.Fin.Rotate
AUDIT_IMPORT Mathlib.LinearAlgebra.LinearIndependent.Basic
AUDIT_IMPORT Lean.Meta.Tactic.NormCast
AUDIT_IMPORT Mathlib.Tactic.Module
AUDIT_IMPORT Mathlib.Tactic.Algebra.Lemmas
AUDIT_IMPORT Mathlib.Tactic.Algebra.Basic
AUDIT_IMPORT Mathlib.Tactic.ModuleNF
AUDIT_IMPORT Mathlib.LinearAlgebra.LinearIndependent.Lemmas
AUDIT_IMPORT Mathlib.LinearAlgebra.DFinsupp
AUDIT_IMPORT Mathlib.Analysis.Normed.Operator.LinearIsometry
AUDIT_IMPORT Mathlib.Basic.Real.Star
AUDIT_IMPORT Mathlib.Topology.Algebra.Module.Star
AUDIT_IMPORT Mathlib.Analysis.CStarAlgebra.Basic
AUDIT_IMPORT Mathlib.Analysis.Normed.Operator.ContinuousLinearMap
AUDIT_IMPORT Mathlib.Algebra.Group.TypeTags.Finite
AUDIT_IMPORT Mathlib.Analysis.Normed.Ring.Finite
AUDIT_IMPORT Mathlib.Analysis.RCLike.Basic
AUDIT_IMPORT Mathlib.Basic.Complex.BigOperators
AUDIT_IMPORT Mathlib.Algebra.CharP.Invertible
AUDIT_IMPORT Mathlib.Algebra.Algebra.Subalgebra.Tower
AUDIT_IMPORT Mathlib.LinearAlgebra.Basis.Basic
AUDIT_IMPORT Mathlib.Algebra.DirectSum.Basic
AUDIT_IMPORT Mathlib.Algebra.DirectSum.Module
AUDIT_IMPORT Mathlib.Algebra.DirectSum.Finsupp
AUDIT_IMPORT Mathlib.LinearAlgebra.TensorProduct.Associator
AUDIT_IMPORT Mathlib.LinearAlgebra.TensorProduct.Tower
AUDIT_IMPORT Mathlib.LinearAlgebra.DirectSum.TensorProduct
AUDIT_IMPORT Mathlib.LinearAlgebra.DirectSum.Finsupp
AUDIT_IMPORT Mathlib.GroupTheory.Abelianization.Defs
AUDIT_IMPORT Mathlib.GroupTheory.FreeGroup.Basic
AUDIT_IMPORT Mathlib.GroupTheory.FreeAbelianGroup
AUDIT_IMPORT Mathlib.Algebra.FreeAbelianGroup.Finsupp
AUDIT_IMPORT Mathlib.Data.Finsupp.Fintype
AUDIT_IMPORT Mathlib.LinearAlgebra.FreeModule.Basic
AUDIT_IMPORT Mathlib.LinearAlgebra.Finsupp.Span
AUDIT_IMPORT Mathlib.LinearAlgebra.Quotient.Basic
AUDIT_IMPORT Mathlib.LinearAlgebra.GeneralLinearGroup.Basic
AUDIT_IMPORT Mathlib.LinearAlgebra.Projection
AUDIT_IMPORT Mathlib.LinearAlgebra.Finsupp.VectorSpace
AUDIT_IMPORT Mathlib.LinearAlgebra.TensorProduct.Basis
AUDIT_IMPORT Mathlib.Algebra.Module.Projective
AUDIT_IMPORT Mathlib.Basic.Finite.Sum
AUDIT_IMPORT Mathlib.Algebra.BigOperators.RingEquiv
AUDIT_IMPORT Mathlib.LinearAlgebra.Matrix.Defs
AUDIT_IMPORT Mathlib.Data.Matrix.Diagonal
AUDIT_IMPORT Mathlib.Data.Matrix.Mul
AUDIT_IMPORT Mathlib.GroupTheory.DedekindFinite
AUDIT_IMPORT Mathlib.Data.Matrix.Basic
AUDIT_IMPORT Mathlib.Data.Matrix.Basis
AUDIT_IMPORT Mathlib.Data.Matrix.Composition
AUDIT_IMPORT Mathlib.Algebra.Star.BigOperators
AUDIT_IMPORT Mathlib.LinearAlgebra.Matrix.ConjTranspose
AUDIT_IMPORT Mathlib.Data.Matrix.Block
AUDIT_IMPORT Mathlib.LinearAlgebra.Basis.Fin
AUDIT_IMPORT Mathlib.LinearAlgebra.Basis.Prod
AUDIT_IMPORT Mathlib.LinearAlgebra.Basis.SMul
AUDIT_IMPORT Mathlib.LinearAlgebra.Matrix.RowCol
AUDIT_IMPORT Mathlib.LinearAlgebra.Matrix.Notation
AUDIT_IMPORT Mathlib.LinearAlgebra.StdBasis
AUDIT_IMPORT Mathlib.LinearAlgebra.Matrix.StdBasis
AUDIT_IMPORT Mathlib.RingTheory.AlgebraTower
AUDIT_IMPORT Mathlib.LinearAlgebra.Matrix.ToLin
AUDIT_IMPORT Mathlib.Algebra.Order.Monoid.Submonoid
AUDIT_IMPORT Mathlib.LinearAlgebra.Complex.Module
AUDIT_IMPORT Mathlib.Algebra.Ring.Regular
AUDIT_IMPORT Mathlib.Algebra.Order.Interval.Set.Instances
AUDIT_IMPORT Mathlib.Topology.Algebra.Algebra
AUDIT_IMPORT Mathlib.Topology.Algebra.Algebra.Equiv
AUDIT_IMPORT Mathlib.Topology.Algebra.InfiniteSum.Module
AUDIT_IMPORT Mathlib.Topology.Algebra.Module.ContinuousLinearMap.RestrictScalars
AUDIT_IMPORT Mathlib.Topology.Instances.RealVectorSpace
AUDIT_IMPORT Mathlib.Analysis.Complex.Basic
AUDIT_IMPORT Mathlib.Analysis.Asymptotics.Defs
AUDIT_IMPORT Mathlib.Analysis.Asymptotics.Basic
AUDIT_IMPORT Mathlib.Analysis.Asymptotics.Arith
AUDIT_IMPORT Mathlib.Analysis.Asymptotics.Ring
AUDIT_IMPORT Mathlib.Basic.Real.ENatENNReal
AUDIT_IMPORT Mathlib.Tactic.Bound
AUDIT_IMPORT Mathlib.Topology.Algebra.InfiniteSum.ENNReal
AUDIT_IMPORT Mathlib.Analysis.Normed.Group.InfiniteSum
AUDIT_IMPORT Mathlib.Logic.Equiv.PartialEquiv
AUDIT_IMPORT Mathlib.Topology.PartialHomeomorph.Defs
AUDIT_IMPORT Mathlib.Topology.OpenPartialHomeomorph.Defs
AUDIT_IMPORT Mathlib.Topology.PartialHomeomorph.Basic
AUDIT_IMPORT Mathlib.Topology.OpenPartialHomeomorph.Basic
AUDIT_IMPORT Mathlib.Topology.OpenPartialHomeomorph.Continuity
AUDIT_IMPORT Mathlib.Order.Filter.AtTopBot.Archimedean
AUDIT_IMPORT Mathlib.Analysis.Asymptotics.Lemmas
AUDIT_IMPORT Mathlib.Analysis.Asymptotics.Prod
AUDIT_IMPORT Mathlib.Analysis.Asymptotics.Theta
AUDIT_IMPORT Mathlib.Analysis.Complex.Asymptotics
AUDIT_IMPORT Mathlib.Algebra.Field.GeomSum
AUDIT_IMPORT Mathlib.Algebra.Order.CauSeq.BigOperators
AUDIT_IMPORT Mathlib.Tactic.NormNum.BigOperators
AUDIT_IMPORT Mathlib.Tactic.NormNum.NatFactorial
AUDIT_IMPORT Mathlib.Analysis.Complex.Exponential
AUDIT_IMPORT Mathlib.Analysis.Complex.Trigonometric
AUDIT_IMPORT Mathlib.Algebra.Algebra.Unitization
AUDIT_IMPORT Mathlib.Algebra.Algebra.Spectrum.Quasispectrum
AUDIT_IMPORT Mathlib.Algebra.BigOperators.Module
AUDIT_IMPORT Mathlib.Algebra.Order.Field.Power
AUDIT_IMPORT Mathlib.Topology.Algebra.InfiniteSum.Real
AUDIT_IMPORT Mathlib.Analysis.Normed.Ring.InfiniteSum
AUDIT_IMPORT Mathlib.Topology.Order.Lattice
AUDIT_IMPORT Mathlib.Analysis.Normed.Order.Lattice
AUDIT_IMPORT Mathlib.Algebra.BigOperators.Associated
AUDIT_IMPORT Mathlib.Data.Nat.Factorial.BigOperators
AUDIT_IMPORT Mathlib.Tactic.ProxyType
AUDIT_IMPORT Mathlib.Tactic.DeriveFintype
AUDIT_IMPORT Mathlib.Basic.Sign.Defs
AUDIT_IMPORT Mathlib.Basic.Sign.Basic
AUDIT_IMPORT Mathlib.Data.Nat.Cast.Order.Field
AUDIT_IMPORT Mathlib.Data.EReal.Inv
AUDIT_IMPORT Mathlib.Topology.Semicontinuity.Defs
AUDIT_IMPORT Mathlib.Topology.Semicontinuity.Basic
AUDIT_IMPORT Mathlib.Topology.Instances.EReal.Lemmas
AUDIT_IMPORT Mathlib.Analysis.SpecificLimits.Basic
AUDIT_IMPORT Mathlib.Combinatorics.Enumerative.Stirling
AUDIT_IMPORT Mathlib.Data.Nat.Choose.Bounds
AUDIT_IMPORT Mathlib.Order.Filter.AtTopBot.ModEq
AUDIT_IMPORT Mathlib.Analysis.SpecificLimits.Normed
AUDIT_IMPORT Mathlib.Topology.Algebra.MetricSpace.Lipschitz
AUDIT_IMPORT Mathlib.Topology.Order.AtTopBotIxx
AUDIT_IMPORT Mathlib.Analysis.SpecialFunctions.Exp
AUDIT_IMPORT Mathlib.Analysis.SpecialFunctions.Trigonometric.Basic
AUDIT_IMPORT Mathlib.LinearAlgebra.Quotient.Card
AUDIT_IMPORT Mathlib.LinearAlgebra.Isomorphisms
AUDIT_IMPORT Mathlib.Algebra.Ring.Action.Submonoid
AUDIT_IMPORT Mathlib.Algebra.Algebra.Subalgebra.Operations
AUDIT_IMPORT Mathlib.Algebra.Ring.Fin
AUDIT_IMPORT Mathlib.GroupTheory.QuotientGroup.Finite
AUDIT_IMPORT Mathlib.RingTheory.Ideal.Quotient.Defs
AUDIT_IMPORT Mathlib.RingTheory.Ideal.Quotient.Basic
AUDIT_IMPORT Mathlib.RingTheory.Ideal.Quotient.Operations
AUDIT_IMPORT Mathlib.Topology.MetricSpace.HausdorffDistance
AUDIT_IMPORT Mathlib.Analysis.Normed.Group.Quotient
AUDIT_IMPORT Mathlib.Topology.MetricSpace.Thickening
AUDIT_IMPORT Mathlib.Analysis.Normed.Group.Pointwise
AUDIT_IMPORT Mathlib.Analysis.Normed.Module.RCLike.Real
AUDIT_IMPORT Mathlib.Analysis.Normed.Module.Ball.Pointwise
AUDIT_IMPORT Mathlib.Topology.Order.ProjIcc
AUDIT_IMPORT Mathlib.Topology.Hom.ContinuousEvalConst
AUDIT_IMPORT Mathlib.Topology.Hom.ContinuousEval
AUDIT_IMPORT Mathlib.Topology.CompactOpen
AUDIT_IMPORT Mathlib.Topology.UnitInterval
AUDIT_IMPORT Mathlib.Topology.Path
AUDIT_IMPORT Mathlib.Topology.Connected.PathConnected
AUDIT_IMPORT Mathlib.Data.Int.SuccPred
AUDIT_IMPORT Mathlib.Order.Circular
AUDIT_IMPORT Mathlib.Algebra.Order.Interval.Set.Group
AUDIT_IMPORT Mathlib.GroupTheory.QuotientGroup.ModEq
AUDIT_IMPORT Mathlib.Algebra.Order.ToIntervalMod
AUDIT_IMPORT Mathlib.Algebra.Group.Units.Opposite
AUDIT_IMPORT Mathlib.Algebra.Ring.AddAut
AUDIT_IMPORT Mathlib.Data.Nat.Cast.Field
AUDIT_IMPORT Mathlib.Algebra.Order.Group.Finset
AUDIT_IMPORT Mathlib.Order.Preorder.Finsupp
AUDIT_IMPORT Mathlib.Data.Finsupp.Multiset
AUDIT_IMPORT Mathlib.Algebra.Notation.Lemmas
AUDIT_IMPORT Mathlib.Algebra.Order.Pi
AUDIT_IMPORT Mathlib.Data.Finsupp.Order
AUDIT_IMPORT Mathlib.Data.Nat.MaxPowDiv
AUDIT_IMPORT Mathlib.RingTheory.Multiplicity
AUDIT_IMPORT Mathlib.Data.Nat.PadicValNat
AUDIT_IMPORT Mathlib.NumberTheory.Padics.PadicVal.Defs
AUDIT_IMPORT Mathlib.Data.Nat.Factorization.Defs
AUDIT_IMPORT Mathlib.Data.Nat.Factorization.Basic
AUDIT_IMPORT Mathlib.Data.Nat.Factorization.Induction
AUDIT_IMPORT Mathlib.Data.Nat.Count
AUDIT_IMPORT Mathlib.Data.Nat.Periodic
AUDIT_IMPORT Mathlib.Data.Nat.Totient
AUDIT_IMPORT Mathlib.GroupTheory.Divisible
AUDIT_IMPORT Mathlib.Topology.Algebra.OpenSubgroup
AUDIT_IMPORT Mathlib.Topology.Instances.AddCircle.Defs
AUDIT_IMPORT Mathlib.Algebra.EuclideanDomain.Defs
AUDIT_IMPORT Mathlib.Algebra.EuclideanDomain.Int
AUDIT_IMPORT Mathlib.Algebra.Group.Subgroup.Finsupp
AUDIT_IMPORT Mathlib.Algebra.EuclideanDomain.Basic
AUDIT_IMPORT Mathlib.Algebra.EuclideanDomain.Field
AUDIT_IMPORT Mathlib.RingTheory.Ideal.Prod
AUDIT_IMPORT Mathlib.GroupTheory.Finiteness
AUDIT_IMPORT Mathlib.Tactic.Algebraize
AUDIT_IMPORT Mathlib.RingTheory.Finiteness.Defs
AUDIT_IMPORT Mathlib.RingTheory.Finiteness.Basic
AUDIT_IMPORT Mathlib.RingTheory.Noetherian.Defs
AUDIT_IMPORT Mathlib.Algebra.GroupWithZero.Submonoid.Primal
AUDIT_IMPORT Mathlib.RingTheory.UniqueFactorizationDomain.Defs
AUDIT_IMPORT Mathlib.RingTheory.UniqueFactorizationDomain.Ideal
AUDIT_IMPORT Mathlib.RingTheory.Noetherian.UniqueFactorizationDomain
AUDIT_IMPORT Mathlib.RingTheory.PrincipalIdealDomain
AUDIT_IMPORT Mathlib.Algebra.Group.Subgroup.ZPowers.Lemmas
AUDIT_IMPORT Mathlib.Topology.Instances.ZMultiples
AUDIT_IMPORT Mathlib.Topology.Instances.AddCircle.Real
AUDIT_IMPORT Mathlib.Analysis.Normed.Group.AddCircle
AUDIT_IMPORT Mathlib.Algebra.CharZero.Quotient
AUDIT_IMPORT Mathlib.Topology.Instances.Sign
AUDIT_IMPORT Mathlib.Algebra.Order.Ring.Interval
AUDIT_IMPORT Mathlib.Analysis.SpecialFunctions.Trigonometric.Angle
AUDIT_IMPORT Mathlib.Analysis.SpecialFunctions.Trigonometric.Inverse
AUDIT_IMPORT Mathlib.Analysis.SpecialFunctions.Complex.Arg
AUDIT_IMPORT Mathlib.Analysis.SpecialFunctions.Log.Basic
AUDIT_IMPORT Mathlib.Analysis.SpecialFunctions.Complex.Log
AUDIT_IMPORT Mathlib.Analysis.SpecialFunctions.Pow.Complex
AUDIT_IMPORT Mathlib.Data.Nat.NthRoot.Defs
AUDIT_IMPORT Mathlib.Analysis.SpecialFunctions.Pow.Real
AUDIT_IMPORT FloatLib.Numerics.Capabilities.Radix
AUDIT_IMPORT FloatLib.Floats.Formats.Flocq.Theory.Core
AUDIT_IMPORT Mathlib.Data.Int.Log
AUDIT_IMPORT Mathlib.Algebra.BigOperators.Field
AUDIT_IMPORT Mathlib.Analysis.SpecialFunctions.Log.Base
AUDIT_IMPORT FloatLib.Floats.Formats.Flocq.Theory.Format.Magnitude
AUDIT_IMPORT FloatLib.Floats.Formats.Flocq.Theory.Rounding.Core
AUDIT_IMPORT FloatLib.Floats.Formats.Flocq.Theory.Format.Generic
AUDIT_IMPORT FloatLib.Floats.Formats.Flocq.Theory.Analysis.Ulp
AUDIT_IMPORT FloatLib.Floats.Formats.Flocq.Theory.Analysis.Neighbors
AUDIT_IMPORT FloatLib.Floats.Formats.Flocq.Theory.Format.Formats
AUDIT_IMPORT FloatLib.Floats.Formats.Flocq.Theory.Analysis.StandardUlp
AUDIT_IMPORT FloatLib.Floats.Formats.Flocq.Theory.Format.Theorems
AUDIT_IMPORT FloatLib.Floats.Formats.Flocq.Theory.Analysis.Sterbenz
AUDIT_IMPORT FloatLib.Floats.Formats.Flocq.Theory.Format.Digits
AUDIT_IMPORT FloatLib.Floats.Formats.Flocq.Calculation.Operations
AUDIT_IMPORT FloatLib.Floats.Formats.Flocq.Theory.Error.Exactness
AUDIT_IMPORT FloatLib.Floats.Formats.Flocq.Theory.Rounding.Properties
AUDIT_IMPORT FloatLib.Floats.Formats.Flocq.Theory.Rounding.Generic
AUDIT_IMPORT FloatLib.Floats.Formats.Flocq.Theory.Rounding.Predicates
AUDIT_IMPORT FloatLib.Floats.Formats.Flocq.Theory.Rounding.Order
AUDIT_IMPORT FloatLib.Floats.Formats.Flocq.Theory.Error.Addition
AUDIT_IMPORT Mathlib.Algebra.Order.Algebra
AUDIT_IMPORT FloatLib.Floats.Formats.Flocq.Theory.Error.Bounds
AUDIT_IMPORT FloatLib.Floats.Formats.Flocq.Theory.Error.Relative
AUDIT_IMPORT FloatLib.Floats.Formats.Flocq.Theory.Error.Directed
AUDIT_IMPORT FloatLib.Floats.Formats.Flocq.Theory.Error.Multiplication
AUDIT_IMPORT FloatLib.Floats.Formats.Flocq.Theory.Analysis.SterbenzFLT
AUDIT_IMPORT FloatLib.Numerics.Core.Value
AUDIT_IMPORT FloatLib.Numerics.Core.System
AUDIT_IMPORT FloatLib.Numerics.Core.Proof
AUDIT_IMPORT FloatLib.Floats.Formats.Flocq.Theory.NumericalSystem
AUDIT_IMPORT FloatLib.Numerics.Operation.Semantics
AUDIT_IMPORT FloatLib.Floats.Formats.Flocq.Theory.Arithmetic
AUDIT_IMPORT FloatLib.Numerics.Automation.Attributes
AUDIT_IMPORT FloatLib.Numerics.Core.ExactSemantics
AUDIT_IMPORT FloatLib.Numerics.Operation.Proof.Total
AUDIT_IMPORT FloatLib.Numerics.Operation.Proof.Finite
AUDIT_IMPORT FloatLib.Numerics.Operation.Proof.Checked
AUDIT_IMPORT FloatLib.Numerics.Operation.Proof.Quantizer
AUDIT_IMPORT FloatLib.Numerics.Operation.Proof
AUDIT_IMPORT FloatLib.Numerics.Operation.Context
AUDIT_IMPORT FloatLib.Numerics.Operation.Entropy
AUDIT_IMPORT FloatLib.Numerics.Operation.Status
AUDIT_IMPORT FloatLib.Numerics.Operation
AUDIT_IMPORT FloatLib.Numerics.Automation.Numerics
AUDIT_IMPORT FloatLib.Floats.Formats.Flocq.Theory.Automation
AUDIT_IMPORT FloatLib.Floats.Formats.Flocq.Theory.Error.DivisionSqrt
AUDIT_IMPORT FloatLib.Numerics.Quantization.Deterministic.Quotient
AUDIT_IMPORT FloatLib.Numerics.Quantization.Deterministic.ShiftRight
AUDIT_IMPORT FloatLib.Numerics.Quantization.Deterministic.ModularPower
AUDIT_IMPORT FloatLib.Numerics.Quantization.Deterministic.Rational
AUDIT_IMPORT FloatLib.Numerics.Quantization.Deterministic
AUDIT_IMPORT FloatLib.Numerics.Quantization.Spec
AUDIT_IMPORT FloatLib.Numerics.Quantization.Saturating
AUDIT_IMPORT FloatLib.Numerics.Quantization.Affine
AUDIT_IMPORT FloatLib.Numerics.Quantization.Affine.Real
AUDIT_IMPORT FloatLib.Floats.Formats.Flocq.Theory.Rounding.Affine
AUDIT_IMPORT FloatLib.Floats.Formats.Flocq.Theory.Rounding.Away
AUDIT_IMPORT FloatLib.Floats.Formats.Flocq.Theory.Rounding.Double
AUDIT_IMPORT FloatLib.Floats.Formats.Flocq.Theory.Rounding.Nearest
AUDIT_IMPORT FloatLib.Floats.Formats.Flocq.Theory.Rounding.Odd
AUDIT_IMPORT FloatLib.Numerics.Capabilities.Elementary
AUDIT_IMPORT FloatLib.Floats.Formats.Flocq.Theory.Scalar.NF
AUDIT_IMPORT FloatLib.Floats.Formats.Flocq.Theory.Scalar.Representable
AUDIT_IMPORT FloatLib.Floats.Formats.Flocq.Theory.Special.FTZ
AUDIT_IMPORT FloatLib.Floats.Formats.Flocq.Theory
AUDIT_IMPORT FloatLib.Floats.Formats.Flocq.Calculation.Bracket
AUDIT_IMPORT FloatLib.Floats.Formats.Flocq.Calculation.Round
AUDIT_IMPORT FloatLib.Floats.Formats.Flocq.Calculation.Arithmetic
AUDIT_IMPORT FloatLib.Numerics.Core.Representation
AUDIT_IMPORT FloatLib.Floats.Formats.Flocq.GenericFormat
AUDIT_IMPORT FloatLib.Floats.Formats.Flocq
AUDIT_IMPORT NN.Floats.FP32.Core
AUDIT_IMPORT Batteries.Data.ByteArray
AUDIT_IMPORT FloatLib.Floats.ExecFloat.Backends.TinyTable.Generic.Core
AUDIT_IMPORT FloatLib.Floats.ExecFloat.Backends.TinyTable.Generic.Construction
AUDIT_IMPORT FloatLib.Floats.ExecFloat.Backends.TinyTable.Generic.Indexing
AUDIT_IMPORT FloatLib.Floats.ExecFloat.Backends.TinyTable.Generic.Certificates
AUDIT_IMPORT FloatLib.Floats.ExecFloat.Backends.TinyTable.Generic.Runtime
AUDIT_IMPORT FloatLib.Floats.ExecFloat.Backends.TinyTable.Generic.Proof
AUDIT_IMPORT FloatLib.Floats.ExecFloat.Backends.TinyTable.Generic.Certified
AUDIT_IMPORT FloatLib.Floats.ExecFloat.Carrier
AUDIT_IMPORT FloatLib.Floats.ExecFloat.Backends.Selection.Metadata
AUDIT_IMPORT Mathlib.Data.List.GetD
AUDIT_IMPORT Batteries.Data.Nat.Bitwise.Lemmas
AUDIT_IMPORT Batteries.Data.Nat.Bitwise
AUDIT_IMPORT Mathlib.Data.Nat.Bitwise
AUDIT_IMPORT FloatLib.Floats.Formats.BinaryInterchange.Model.Carrier
AUDIT_IMPORT FloatLib.Kernels.LimbArray.Core.Runtime
AUDIT_IMPORT FloatLib.Kernels.LimbArray.Arithmetic.Runtime
AUDIT_IMPORT FloatLib.Kernels.LimbArray.Shift.Runtime
AUDIT_IMPORT FloatLib.Floats.ExecFloat.Backends.WideLimb.Core.Runtime
AUDIT_IMPORT FloatLib.Numerics.Representations.StaticStorage
AUDIT_IMPORT FloatLib.Floats.Formats.BinaryInterchange.Configured.Storage.Core
AUDIT_IMPORT FloatLib.Floats.Formats.BinaryInterchange.Model.Lean
AUDIT_IMPORT FloatLib.Numerics.Exact.Dyadic.Basic
AUDIT_IMPORT FloatLib.Floats.Formats.BinaryInterchange.Model.Fields.Optimized
AUDIT_IMPORT FloatLib.Floats.Formats.BinaryInterchange.Dyadic.Core
AUDIT_IMPORT FloatLib.Floats.ExecFloat.Backends.Generic.ProductRound.Runtime
AUDIT_IMPORT FloatLib.Floats.ExecFloat.Backends.Generic.ScaleAdd.Runtime
AUDIT_IMPORT FloatLib.Numerics.Exact.Dyadic.Arithmetic.Runtime
AUDIT_IMPORT FloatLib.Floats.Formats.BinaryInterchange.Dyadic.Rounding
AUDIT_IMPORT FloatLib.Numerics.Exact.RationalBinary
AUDIT_IMPORT FloatLib.Floats.Formats.BinaryInterchange.Dyadic.Rational
AUDIT_IMPORT FloatLib.Floats.Formats.BinaryInterchange.RoundDyadicImpl.Runtime
AUDIT_IMPORT FloatLib.Floats.ExecFloat.Backends.Generic.Kernel.Runtime
AUDIT_IMPORT FloatLib.Kernels.FixedWord.Core.Runtime
AUDIT_IMPORT FloatLib.Floats.ExecFloat.Backends.Word.Narrow.Finite.Runtime
AUDIT_IMPORT FloatLib.Floats.ExecFloat.Backends.Word.Narrow.Base.Runtime
AUDIT_IMPORT FloatLib.Floats.ExecFloat.Backends.Word.Narrow.Rounding.Runtime
AUDIT_IMPORT FloatLib.Kernels.FixedWord.Difference.Runtime
AUDIT_IMPORT FloatLib.Kernels.FixedWord.Product.Runtime
AUDIT_IMPORT FloatLib.Kernels.FixedWord.SignedMagnitude.Runtime
AUDIT_IMPORT FloatLib.Floats.ExecFloat.Backends.Word.Narrow.Addition.Runtime
AUDIT_IMPORT FloatLib.Kernels.FixedWord.LimbRound.Runtime
AUDIT_IMPORT FloatLib.Floats.ExecFloat.Backends.Word.Full.Core.Runtime
AUDIT_IMPORT FloatLib.Floats.ExecFloat.Backends.Word.Full.Subtraction.Runtime
AUDIT_IMPORT FloatLib.Floats.ExecFloat.Backends.Word.Full.Addition.Runtime
AUDIT_IMPORT FloatLib.Floats.ExecFloat.Backends.FixedLimb.Pair.Core.Runtime
AUDIT_IMPORT FloatLib.Floats.ExecFloat.Backends.FixedLimb.Pair.Subtraction.Runtime
AUDIT_IMPORT FloatLib.Floats.ExecFloat.Backends.Word.Small.Core.Runtime
AUDIT_IMPORT FloatLib.Floats.ExecFloat.Backends.Word.ProductRound.Runtime
AUDIT_IMPORT FloatLib.Kernels.FixedWord.IntegerSquareRoot.Runtime
AUDIT_IMPORT FloatLib.Floats.ExecFloat.Backends.Word.ModelSqrt.Runtime
AUDIT_IMPORT FloatLib.Floats.ExecFloat.Backends.Generic.Sqrt.Runtime
AUDIT_IMPORT FloatLib.Floats.ExecFloat.Backends.Word.Small.Finite.Runtime
AUDIT_IMPORT FloatLib.Floats.ExecFloat.Backends.Word.Small.Add.Runtime
AUDIT_IMPORT FloatLib.Floats.ExecFloat.Backends.FixedLimb.Pair.Addition.Runtime
AUDIT_IMPORT FloatLib.Floats.ExecFloat.Backends.Dispatch.Add.Runtime
AUDIT_IMPORT FloatLib.Floats.Formats.BinaryInterchange.Dyadic.Decode
AUDIT_IMPORT FloatLib.Floats.Formats.BinaryInterchange.Spec.Division
AUDIT_IMPORT FloatLib.Kernels.FixedWord.Quotient.Runtime
AUDIT_IMPORT FloatLib.Floats.ExecFloat.Backends.Word.Narrow.Division.Runtime
AUDIT_IMPORT FloatLib.Kernels.FixedWord.Quotient.Compiler
AUDIT_IMPORT FloatLib.Floats.ExecFloat.Backends.Word.Full.Division.Runtime
AUDIT_IMPORT FloatLib.Kernels.FixedWord.CertifiedDivision.Runtime
AUDIT_IMPORT FloatLib.Floats.ExecFloat.Backends.FixedLimb.Pair.Division.Runtime
AUDIT_IMPORT FloatLib.Floats.ExecFloat.Backends.Word.Small.Div.Runtime
AUDIT_IMPORT FloatLib.Floats.ExecFloat.Backends.Dispatch.Div.Runtime
AUDIT_IMPORT FloatLib.Floats.ExecFloat.Backends.Word.Narrow.Fma.Runtime
AUDIT_IMPORT FloatLib.Floats.ExecFloat.Backends.Word.Full.Fma.Runtime
AUDIT_IMPORT FloatLib.Floats.ExecFloat.Backends.Dispatch.FmaWord.Runtime
AUDIT_IMPORT FloatLib.Floats.ExecFloat.Backends.FixedLimb.Pair.Multiplication.Runtime
AUDIT_IMPORT FloatLib.Floats.ExecFloat.Backends.FixedLimb.Pair.Fma.Runtime
AUDIT_IMPORT FloatLib.Floats.ExecFloat.Backends.Dispatch.Fma.Runtime
AUDIT_IMPORT FloatLib.Floats.ExecFloat.Backends.Word.Narrow.Multiplication.Runtime
AUDIT_IMPORT FloatLib.Floats.ExecFloat.Backends.Word.Small.Mul.Runtime
AUDIT_IMPORT FloatLib.Floats.ExecFloat.Backends.Word.TwoWordMul.Runtime
AUDIT_IMPORT FloatLib.Floats.ExecFloat.Backends.Dispatch.Mul.Runtime
AUDIT_IMPORT FloatLib.Floats.ExecFloat.Backends.Word.Narrow.Sqrt.Runtime
AUDIT_IMPORT FloatLib.Floats.ExecFloat.Backends.Word.Full.Sqrt.Runtime
AUDIT_IMPORT FloatLib.Floats.Formats.BinaryInterchange.Dyadic.Classification
AUDIT_IMPORT FloatLib.Floats.ExecFloat.Backends.Dispatch.SqrtWord.Runtime
AUDIT_IMPORT FloatLib.Kernels.FixedWord.RestoringSqrt.Runtime
AUDIT_IMPORT FloatLib.Kernels.FixedWord.RestoringSqrt.Compiler
AUDIT_IMPORT FloatLib.Floats.ExecFloat.Backends.FixedLimb.Pair.Sqrt.Runtime
AUDIT_IMPORT FloatLib.Floats.ExecFloat.Backends.Dispatch.Sqrt.Runtime
AUDIT_IMPORT FloatLib.Floats.Formats.BinaryInterchange.Arithmetic.Runtime
AUDIT_IMPORT FloatLib.Floats.Formats.BinaryInterchange.ModelRounding.Runtime
AUDIT_IMPORT FloatLib.Numerics.Bitwise
AUDIT_IMPORT FloatLib.Floats.Formats.BinaryInterchange.Rounding.NearestEven
AUDIT_IMPORT FloatLib.Floats.Formats.BinaryInterchange.ModelRounding.Proof
AUDIT_IMPORT FloatLib.Numerics.Exact.Dyadic.Comparison.Runtime
AUDIT_IMPORT FloatLib.Numerics.Exact.Dyadic.Comparison.Proof
AUDIT_IMPORT FloatLib.Numerics.Exact.Dyadic.Order
AUDIT_IMPORT Mathlib.Data.Int.NatAbs
AUDIT_IMPORT FloatLib.Numerics.Exact.Dyadic.Arithmetic.Proof
AUDIT_IMPORT FloatLib.Numerics.Exact.Dyadic.Real
AUDIT_IMPORT FloatLib.Floats.Formats.BinaryInterchange.Model.RealSemantics
AUDIT_IMPORT FloatLib.Floats.Formats.BinaryInterchange.Model.Packing.Special
AUDIT_IMPORT FloatLib.Floats.Formats.BinaryInterchange.Model.Packing.Bounds
AUDIT_IMPORT FloatLib.Floats.Formats.BinaryInterchange.RoundDyadicImpl.Proof
AUDIT_IMPORT FloatLib.Floats.ExecFloat.Backends.Generic.ProductRound.Proof
AUDIT_IMPORT FloatLib.Floats.ExecFloat.Backends.Generic.AddDyadic.Runtime
AUDIT_IMPORT FloatLib.Floats.ExecFloat.Backends.Generic.AddDyadic.Proof
AUDIT_IMPORT FloatLib.Floats.ExecFloat.Backends.Generic.ScaleAdd.Proof
AUDIT_IMPORT FloatLib.Floats.Formats.BinaryInterchange.Model.Fields.Proof
AUDIT_IMPORT FloatLib.Floats.ExecFloat.Backends.Generic.Kernel.Proof
AUDIT_IMPORT Mathlib.Tactic.Positivity.Finset
AUDIT_IMPORT Mathlib.Tactic.Positivity
AUDIT_IMPORT FloatLib.Kernels.FixedWord.Core.Proof.Word
AUDIT_IMPORT FloatLib.Kernels.FixedWord.Core.Proof.Rounding
AUDIT_IMPORT FloatLib.Kernels.FixedWord.Core.Proof.UInt128
AUDIT_IMPORT FloatLib.Kernels.FixedWord.Core.Proof
AUDIT_IMPORT FloatLib.Floats.ExecFloat.Backends.Word.Small.Core.Proof
AUDIT_IMPORT FloatLib.Kernels.FixedWord.IntegerSquareRoot.Proof
AUDIT_IMPORT FloatLib.Floats.ExecFloat.Backends.Word.ModelSqrt.Proof
AUDIT_IMPORT FloatLib.Floats.ExecFloat.Backends.Generic.Sqrt.Proof
AUDIT_IMPORT FloatLib.Floats.ExecFloat.Backends.Word.Small.Finite.Proof
AUDIT_IMPORT FloatLib.Floats.ExecFloat.Backends.Word.ProductRound.Proof
AUDIT_IMPORT FloatLib.Floats.ExecFloat.Backends.Word.Small.Add.Proof
AUDIT_IMPORT Std.Tactic.BVDecide.Bitblast.BoolExpr.Basic
AUDIT_IMPORT Std.Tactic.BVDecide.Bitblast.BoolExpr
AUDIT_IMPORT Std.Tactic.BVDecide.Bitblast.BVExpr.Basic
AUDIT_IMPORT Std.Data.HashSet.Raw
AUDIT_IMPORT Std.Data.HashSet.Iterator
AUDIT_IMPORT Std.Data.HashSet.RawLemmas
AUDIT_IMPORT Std.Data.HashSet.IteratorLemmas
AUDIT_IMPORT Std.Data.HashSet.DecidableEquiv
AUDIT_IMPORT Std.Data.HashSet
AUDIT_IMPORT Std.Sat.AIG.Basic
AUDIT_IMPORT Std.Sat.AIG.LawfulOperator
AUDIT_IMPORT Std.Sat.AIG.Lemmas
AUDIT_IMPORT Std.Sat.AIG.Cached
AUDIT_IMPORT Std.Sat.AIG.CachedLemmas
AUDIT_IMPORT Std.Sat.AIG.CachedGates
AUDIT_IMPORT Std.Sat.AIG.CachedGatesLemmas
AUDIT_IMPORT Std.Sat.AIG.RefVec
AUDIT_IMPORT Std.Tactic.BVDecide.Bitblast.BVExpr.Circuit.Impl.Operations.GetLsbD
AUDIT_IMPORT Std.Sat.AIG.LawfulVecOperator
AUDIT_IMPORT Std.Tactic.BVDecide.Bitblast.BVExpr.Circuit.Impl.Var
AUDIT_IMPORT Std.Sat.AIG.If
AUDIT_IMPORT Std.Tactic.BVDecide.Bitblast.BVExpr.Circuit.Impl.Operations.ShiftRight
AUDIT_IMPORT Std.Tactic.BVDecide.Bitblast.BVExpr.Circuit.Impl.Operations.Append
AUDIT_IMPORT Std.Tactic.BVDecide.Bitblast.BVExpr.Circuit.Impl.Operations.Replicate
AUDIT_IMPORT Std.Tactic.BVDecide.Bitblast.BVExpr.Circuit.Impl.Operations.Extract
AUDIT_IMPORT Std.Tactic.BVDecide.Bitblast.BVExpr.Circuit.Impl.Operations.RotateLeft
AUDIT_IMPORT Std.Tactic.BVDecide.Bitblast.BVExpr.Circuit.Impl.Operations.RotateRight
AUDIT_IMPORT Std.Tactic.BVDecide.Bitblast.BVExpr.Circuit.Impl.Operations.Add
AUDIT_IMPORT Std.Tactic.BVDecide.Bitblast.BVExpr.Circuit.Impl.Operations.ShiftLeft
AUDIT_IMPORT Std.Tactic.BVDecide.Bitblast.BVExpr.Circuit.Impl.Const
AUDIT_IMPORT Std.Tactic.BVDecide.Bitblast.BVExpr.Circuit.Impl.Operations.Mul
AUDIT_IMPORT Std.Sat.AIG.RefVecOperator.Map
AUDIT_IMPORT Std.Sat.AIG.RefVecOperator.Zip
AUDIT_IMPORT Std.Sat.AIG.RefVecOperator.Fold
AUDIT_IMPORT Std.Sat.AIG.RefVecOperator
AUDIT_IMPORT Std.Tactic.BVDecide.Bitblast.BVExpr.Circuit.Impl.Operations.Not
AUDIT_IMPORT Std.Tactic.BVDecide.Bitblast.BVExpr.Circuit.Impl.Operations.Neg
AUDIT_IMPORT Std.Tactic.BVDecide.Bitblast.BVExpr.Circuit.Impl.Operations.Sub
AUDIT_IMPORT Std.Tactic.BVDecide.Bitblast.BVExpr.Circuit.Impl.Operations.Eq
AUDIT_IMPORT Std.Tactic.BVDecide.Bitblast.BVExpr.Circuit.Impl.Carry
AUDIT_IMPORT Std.Tactic.BVDecide.Bitblast.BVExpr.Circuit.Impl.Operations.Ult
AUDIT_IMPORT Std.Tactic.BVDecide.Bitblast.BVExpr.Circuit.Impl.Operations.ZeroExtend
AUDIT_IMPORT Std.Tactic.BVDecide.Bitblast.BVExpr.Circuit.Impl.Operations.Udiv
AUDIT_IMPORT Std.Tactic.BVDecide.Bitblast.BVExpr.Circuit.Impl.Operations.Umod
AUDIT_IMPORT Std.Tactic.BVDecide.Bitblast.BVExpr.Circuit.Impl.Operations.Reverse
AUDIT_IMPORT Std.Tactic.BVDecide.Bitblast.BVExpr.Circuit.Impl.Operations.Clz
AUDIT_IMPORT Std.Tactic.BVDecide.Bitblast.BVExpr.Circuit.Impl.Operations.Cpop
AUDIT_IMPORT Std.Tactic.BVDecide.Bitblast.BVExpr.Circuit.Impl.Expr
AUDIT_IMPORT Std.Tactic.BVDecide.Bitblast.BVExpr.Circuit.Impl.Pred
AUDIT_IMPORT Std.Tactic.BVDecide.Bitblast.BVExpr.Circuit.Impl.Substructure
AUDIT_IMPORT Std.Tactic.BVDecide.Bitblast.BVExpr.Circuit.Impl
AUDIT_IMPORT Std.Tactic.BVDecide.Bitblast.BVExpr.Circuit.Lemmas.Basic
AUDIT_IMPORT Std.Tactic.BVDecide.Bitblast.BVExpr.Circuit.Lemmas.Var
AUDIT_IMPORT Std.Tactic.BVDecide.Bitblast.BVExpr.Circuit.Lemmas.Operations.ShiftRight
AUDIT_IMPORT Std.Tactic.BVDecide.Bitblast.BVExpr.Circuit.Lemmas.Operations.Append
AUDIT_IMPORT Std.Tactic.BVDecide.Bitblast.BVExpr.Circuit.Lemmas.Operations.Replicate
AUDIT_IMPORT Std.Tactic.BVDecide.Bitblast.BVExpr.Circuit.Lemmas.Operations.Extract
AUDIT_IMPORT Std.Tactic.BVDecide.Bitblast.BVExpr.Circuit.Lemmas.Operations.RotateLeft
AUDIT_IMPORT Std.Tactic.BVDecide.Bitblast.BVExpr.Circuit.Lemmas.Operations.RotateRight
AUDIT_IMPORT Std.Tactic.BVDecide.Bitblast.BVExpr.Circuit.Lemmas.Operations.Add
AUDIT_IMPORT Std.Tactic.BVDecide.Bitblast.BVExpr.Circuit.Lemmas.Operations.ShiftLeft
AUDIT_IMPORT Std.Tactic.BVDecide.Bitblast.BVExpr.Circuit.Lemmas.Const
AUDIT_IMPORT Std.Tactic.BVDecide.Bitblast.BVExpr.Circuit.Lemmas.Operations.Mul
AUDIT_IMPORT Std.Tactic.BVDecide.Bitblast.BVExpr.Circuit.Lemmas.Operations.Not
AUDIT_IMPORT Std.Tactic.BVDecide.Bitblast.BVExpr.Circuit.Lemmas.Operations.Neg
AUDIT_IMPORT Std.Tactic.BVDecide.Bitblast.BVExpr.Circuit.Lemmas.Operations.Sub
AUDIT_IMPORT Std.Tactic.BVDecide.Bitblast.BVExpr.Circuit.Lemmas.Operations.ZeroExtend
AUDIT_IMPORT Std.Tactic.BVDecide.Bitblast.BVExpr.Circuit.Lemmas.Operations.Eq
AUDIT_IMPORT Std.Tactic.BVDecide.Bitblast.BVExpr.Circuit.Lemmas.Carry
AUDIT_IMPORT Std.Tactic.BVDecide.Bitblast.BVExpr.Circuit.Lemmas.Operations.Ult
AUDIT_IMPORT Std.Tactic.BVDecide.Bitblast.BVExpr.Circuit.Lemmas.Operations.GetLsbD
AUDIT_IMPORT Std.Tactic.BVDecide.Normalize.Bool
AUDIT_IMPORT Std.Tactic.BVDecide.Syntax
AUDIT_IMPORT Std.Tactic.BVDecide.Normalize.Canonicalize
AUDIT_IMPORT Std.Tactic.BVDecide.Normalize.BitVec
AUDIT_IMPORT Std.Tactic.BVDecide.Bitblast.BVExpr.Circuit.Lemmas.Operations.Udiv
AUDIT_IMPORT Std.Tactic.BVDecide.Bitblast.BVExpr.Circuit.Lemmas.Operations.Umod
AUDIT_IMPORT Std.Tactic.BVDecide.Bitblast.BVExpr.Circuit.Lemmas.Operations.Reverse
AUDIT_IMPORT Std.Tactic.BVDecide.Bitblast.BVExpr.Circuit.Lemmas.Operations.Clz
AUDIT_IMPORT Std.Tactic.BVDecide.Bitblast.BVExpr.Circuit.Lemmas.Operations.Cpop
AUDIT_IMPORT Std.Tactic.BVDecide.Bitblast.BVExpr.Circuit.Lemmas.Expr
AUDIT_IMPORT Std.Tactic.BVDecide.Bitblast.BVExpr.Circuit.Lemmas.Pred
AUDIT_IMPORT Std.Tactic.BVDecide.Bitblast.BVExpr.Circuit.Lemmas
AUDIT_IMPORT Std.Tactic.BVDecide.Bitblast.BVExpr.Circuit
AUDIT_IMPORT Std.Tactic.BVDecide.Bitblast.BVExpr
AUDIT_IMPORT Std.Tactic.BVDecide.Bitblast
AUDIT_IMPORT Std.Sat.CNF.Literal
AUDIT_IMPORT Std.Sat.CNF.Basic
AUDIT_IMPORT Std.Sat.CNF.Relabel
AUDIT_IMPORT Std.Sat.CNF.RelabelFin
AUDIT_IMPORT Std.Sat.CNF.Dimacs
AUDIT_IMPORT Std.Sat.CNF
AUDIT_IMPORT Std.Tactic.BVDecide.LRAT.Actions
AUDIT_IMPORT Std.Tactic.BVDecide.LRAT.Internal.Entails
AUDIT_IMPORT Std.Tactic.BVDecide.LRAT.Internal.PosFin
AUDIT_IMPORT Std.Tactic.BVDecide.LRAT.Internal.Assignment
AUDIT_IMPORT Std.Tactic.BVDecide.LRAT.Internal.Clause
AUDIT_IMPORT Std.Tactic.BVDecide.LRAT.Internal.Formula.Class
AUDIT_IMPORT Std.Tactic.BVDecide.LRAT.Internal.Formula.Implementation
AUDIT_IMPORT Std.Tactic.BVDecide.LRAT.Internal.CNF
AUDIT_IMPORT Std.Tactic.BVDecide.LRAT.Internal.Formula.Lemmas
AUDIT_IMPORT Std.Tactic.BVDecide.LRAT.Internal.Formula.RupAddResult
AUDIT_IMPORT Std.Tactic.BVDecide.LRAT.Internal.Formula.RupAddSound
AUDIT_IMPORT Std.Tactic.BVDecide.LRAT.Internal.Formula.RatAddResult
AUDIT_IMPORT Std.Tactic.BVDecide.LRAT.Internal.Formula.RatAddSound
AUDIT_IMPORT Std.Tactic.BVDecide.LRAT.Internal.Formula.Instance
AUDIT_IMPORT Std.Tactic.BVDecide.LRAT.Internal.Formula
AUDIT_IMPORT Std.Tactic.BVDecide.LRAT.Internal.Convert
AUDIT_IMPORT Std.Tactic.BVDecide.LRAT.Internal.LRATChecker
AUDIT_IMPORT Std.Tactic.BVDecide.LRAT.Internal.Actions
AUDIT_IMPORT Std.Tactic.BVDecide.LRAT.Internal.LRATCheckerSound
AUDIT_IMPORT Std.Tactic.BVDecide.LRAT.Internal.CompactLRATChecker
AUDIT_IMPORT Std.Tactic.BVDecide.LRAT.Internal.CompactLRATCheckerSound
AUDIT_IMPORT Std.Tactic.BVDecide.LRAT.Checker
AUDIT_IMPORT Std.Tactic.BVDecide.LRAT.Parser
AUDIT_IMPORT Std.Tactic.BVDecide.LRAT
AUDIT_IMPORT Std.Tactic.BVDecide.Normalize.Equal
AUDIT_IMPORT Std.Tactic.BVDecide.Normalize.Prop
AUDIT_IMPORT Std.Tactic.BVDecide.Normalize
AUDIT_IMPORT Std.Sat.AIG.CNF
AUDIT_IMPORT Std.Sat.AIG.Relabel
AUDIT_IMPORT Std.Sat.AIG.RelabelNat
AUDIT_IMPORT Std.Tactic.BVDecide.Reflect
AUDIT_IMPORT Std.Tactic.BVDecide
AUDIT_IMPORT FloatLib.Numerics.ShiftRightJam
AUDIT_IMPORT FloatLib.Kernels.FixedWord.Product.Proof
AUDIT_IMPORT FloatLib.Kernels.FixedWord.LimbRound.Proof.UInt128
AUDIT_IMPORT FloatLib.Kernels.FixedWord.LimbRound.Proof.UInt256
AUDIT_IMPORT FloatLib.Kernels.FixedWord.LimbRound.Proof
AUDIT_IMPORT FloatLib.Floats.ExecFloat.Backends.Word.Full.Core.Proof
AUDIT_IMPORT FloatLib.Floats.ExecFloat.Backends.Word.Full.Subtraction.Proof
AUDIT_IMPORT FloatLib.Floats.ExecFloat.Backends.Word.Full.Addition.Proof
AUDIT_IMPORT FloatLib.Floats.ExecFloat.Backends.FixedLimb.Pair.Core.Proof
AUDIT_IMPORT FloatLib.Floats.ExecFloat.Backends.FixedLimb.Pair.Addition.Proof
AUDIT_IMPORT FloatLib.Kernels.FixedWord.Difference.Proof
AUDIT_IMPORT FloatLib.Floats.ExecFloat.Backends.FixedLimb.Pair.Subtraction.Proof
AUDIT_IMPORT FloatLib.Floats.Formats.BinaryInterchange.Spec.Dyadic
AUDIT_IMPORT FloatLib.Floats.ExecFloat.Backends.Word.Narrow.DivisionReference
AUDIT_IMPORT FloatLib.Floats.ExecFloat.Backends.Word.Narrow.Finite.Proof
AUDIT_IMPORT FloatLib.Floats.ExecFloat.Backends.Word.Narrow.Packing
AUDIT_IMPORT FloatLib.Floats.ExecFloat.Backends.Word.Narrow.Rounding.Proof
AUDIT_IMPORT FloatLib.Kernels.FixedWord.SignedMagnitude.Proof
AUDIT_IMPORT FloatLib.Floats.ExecFloat.Backends.Word.Narrow.SignedMagnitude.Proof
AUDIT_IMPORT FloatLib.Floats.ExecFloat.Backends.Word.Narrow.Base.Proof
AUDIT_IMPORT FloatLib.Floats.ExecFloat.Backends.Word.Narrow.Addition.Proof
AUDIT_IMPORT FloatLib.Floats.ExecFloat.Backends.Word.Narrow.Fma.Proof
AUDIT_IMPORT FloatLib.Floats.ExecFloat.Backends.Word.Narrow.Multiplication.Proof
AUDIT_IMPORT FloatLib.Floats.ExecFloat.Backends.Word.Narrow.Agreement
AUDIT_IMPORT FloatLib.Floats.ExecFloat.Backends.Dispatch.Add.Proof
AUDIT_IMPORT FloatLib.Kernels.FixedWord.Quotient.Proof
AUDIT_IMPORT FloatLib.Floats.Formats.BinaryInterchange.DirectedSemantics.Power
AUDIT_IMPORT FloatLib.Floats.Formats.BinaryInterchange.DirectedSemantics.Rational.Scaling
AUDIT_IMPORT FloatLib.Floats.Formats.BinaryInterchange.DirectedSemantics.Rational.Logarithm
AUDIT_IMPORT FloatLib.Floats.Formats.BinaryInterchange.DirectedSemantics.Rational.Runtime
AUDIT_IMPORT FloatLib.Floats.Formats.BinaryInterchange.DirectedSemantics.Rational.Quotient
AUDIT_IMPORT FloatLib.Floats.Formats.BinaryInterchange.DirectedSemantics.Rational.NearestEven
AUDIT_IMPORT FloatLib.Floats.ExecFloat.Backends.Word.Quotient.Proof
AUDIT_IMPORT FloatLib.Floats.ExecFloat.Backends.Word.NormalPair.Proof
AUDIT_IMPORT FloatLib.Floats.ExecFloat.Backends.Generic.QuotientRound.Proof
AUDIT_IMPORT FloatLib.Floats.ExecFloat.Backends.Word.Small.Div.Proof
AUDIT_IMPORT FloatLib.Kernels.FixedWord.Quotient.Restoring128Proof
AUDIT_IMPORT FloatLib.Kernels.FixedWord.CertifiedDivision.Proof
AUDIT_IMPORT FloatLib.Floats.ExecFloat.Backends.FixedLimb.Pair.Division.Proof
AUDIT_IMPORT FloatLib.Floats.ExecFloat.Backends.Word.Full.Division.Proof
AUDIT_IMPORT FloatLib.Floats.ExecFloat.Backends.Word.Narrow.Division.Proof
AUDIT_IMPORT FloatLib.Floats.ExecFloat.Backends.Dispatch.Div.Proof
AUDIT_IMPORT FloatLib.Floats.ExecFloat.Backends.Word.Full.Fma.Proof
AUDIT_IMPORT FloatLib.Floats.ExecFloat.Backends.Dispatch.FmaWord.Proof
AUDIT_IMPORT FloatLib.Floats.ExecFloat.Backends.FixedLimb.Pair.Multiplication.Proof
AUDIT_IMPORT FloatLib.Floats.ExecFloat.Backends.FixedLimb.Pair.Fma.Proof
AUDIT_IMPORT FloatLib.Floats.ExecFloat.Backends.Dispatch.Fma.Proof
AUDIT_IMPORT FloatLib.Floats.ExecFloat.Backends.Word.Small.Mul.Proof
AUDIT_IMPORT FloatLib.Floats.ExecFloat.Backends.Word.TwoWordMul.Proof
AUDIT_IMPORT FloatLib.Floats.ExecFloat.Backends.Dispatch.Mul.Proof
AUDIT_IMPORT FloatLib.Floats.Formats.BinaryInterchange.Model.ERealSemantics
AUDIT_IMPORT FloatLib.Floats.Formats.BinaryInterchange.Spec.SquareRoot
AUDIT_IMPORT FloatLib.Floats.ExecFloat.Backends.SqrtArithmetic
AUDIT_IMPORT FloatLib.Floats.ExecFloat.Backends.SqrtNormalRounding
AUDIT_IMPORT FloatLib.Floats.ExecFloat.Backends.Word.Narrow.Sqrt.Proof
AUDIT_IMPORT FloatLib.Floats.ExecFloat.Backends.Word.Full.Sqrt.Proof
AUDIT_IMPORT FloatLib.Floats.ExecFloat.Backends.Dispatch.SqrtWord.Proof
AUDIT_IMPORT FloatLib.Kernels.FixedWord.RestoringSqrt.Proof
AUDIT_IMPORT FloatLib.Floats.ExecFloat.Backends.FixedLimb.Pair.Sqrt.Proof
AUDIT_IMPORT FloatLib.Floats.ExecFloat.Backends.Dispatch.Sqrt.Proof
AUDIT_IMPORT FloatLib.Floats.Formats.BinaryInterchange.Arithmetic.Proof
AUDIT_IMPORT FloatLib.Floats.Formats.BinaryInterchange.Rounding.Mode
AUDIT_IMPORT FloatLib.Floats.Formats.BinaryInterchange.Rounding.Directed.Dyadic
AUDIT_IMPORT FloatLib.Floats.Formats.BinaryInterchange.DirectedSemantics.Basic
AUDIT_IMPORT FloatLib.Floats.Formats.BinaryInterchange.Model.Packing.Finite
AUDIT_IMPORT FloatLib.Floats.Formats.BinaryInterchange.Rounding.Proof
AUDIT_IMPORT FloatLib.Floats.Formats.BinaryInterchange.Arithmetic.Finiteness
AUDIT_IMPORT FloatLib.Floats.Formats.BinaryInterchange.Arithmetic.Semantics
AUDIT_IMPORT FloatLib.Floats.Formats.BinaryInterchange.Configured.ByteTable.Runtime
AUDIT_IMPORT FloatLib.Floats.Formats.BinaryInterchange.Arithmetic.SignedSemantics.Core
AUDIT_IMPORT FloatLib.Floats.Formats.BinaryInterchange.Arithmetic.SignedSemantics.Subtraction
AUDIT_IMPORT FloatLib.Floats.Formats.BinaryInterchange.Conversion.Cast.Widening
AUDIT_IMPORT FloatLib.Floats.Formats.BinaryInterchange.Rounding.Directed.Runtime
AUDIT_IMPORT FloatLib.Numerics.IEEEStatus
AUDIT_IMPORT FloatLib.Floats.Formats.BinaryInterchange.Status.Runtime
AUDIT_IMPORT FloatLib.Floats.Formats.BinaryInterchange.Conversion.Cast.Runtime
AUDIT_IMPORT FloatLib.Floats.Formats.BinaryInterchange.Conversion.Cast.Proof
AUDIT_IMPORT FloatLib.Floats.Formats.BinaryInterchange.Model.NumericalSystem
AUDIT_IMPORT FloatLib.Floats.Formats.BinaryInterchange.StaticByte.Core.Runtime
AUDIT_IMPORT FloatLib.Floats.Formats.BinaryInterchange.Configured.Storage.Code.Runtime
AUDIT_IMPORT FloatLib.Floats.Formats.BinaryInterchange.StaticByte.Core.Proof
AUDIT_IMPORT Mathlib.Data.Nat.Digits.Defs
AUDIT_IMPORT FloatLib.Kernels.LimbArray.Core.Proof
AUDIT_IMPORT FloatLib.Kernels.LimbArray.Arithmetic.Proof
AUDIT_IMPORT FloatLib.Numerics.ShiftRightJam.Proof
AUDIT_IMPORT FloatLib.Kernels.LimbArray.Shift.Proof
AUDIT_IMPORT FloatLib.Floats.ExecFloat.Backends.WideLimb.Core.Proof
AUDIT_IMPORT FloatLib.Floats.Formats.BinaryInterchange.Configured.Storage.Code.Proof
AUDIT_IMPORT FloatLib.Floats.Formats.BinaryInterchange.Configured.Storage.Codecs
AUDIT_IMPORT FloatLib.Floats.Formats.BinaryInterchange.Configured.ByteTable.Proof
AUDIT_IMPORT FloatLib.Floats.Formats.BinaryInterchange.Configured.Core.Runtime
AUDIT_IMPORT FloatLib.Floats.Formats.BinaryInterchange.Configured.Storage.Family.Runtime
AUDIT_IMPORT FloatLib.Floats.Formats.BinaryInterchange.Configured.Core.Proof
AUDIT_IMPORT FloatLib.Floats.Formats.BinaryInterchange.Configured.Storage.Family.Proof
AUDIT_IMPORT FloatLib.Floats.Formats.BinaryInterchange.Descriptor.Plan.Estimates
AUDIT_IMPORT FloatLib.Floats.Formats.BinaryInterchange.Descriptor.Plan.Routes
AUDIT_IMPORT FloatLib.Floats.Formats.BinaryInterchange.Configured.Plan.Estimates
AUDIT_IMPORT FloatLib.Floats.ExecFloat.Backends.Selection.Policy
AUDIT_IMPORT FloatLib.Floats.ExecFloat.Backends.Selection.Scoring
AUDIT_IMPORT FloatLib.Floats.ExecFloat.Backends.Selection.Certified
AUDIT_IMPORT FloatLib.Floats.Formats.BinaryInterchange.Configured.Plan.Candidates
AUDIT_IMPORT FloatLib.Floats.ExecFloat.Backends.WideLimb.Round.Runtime
AUDIT_IMPORT FloatLib.Floats.ExecFloat.Backends.WideLimb.Addition.Runtime
AUDIT_IMPORT FloatLib.Floats.ExecFloat.Backends.WideLimb.Round.Proof
AUDIT_IMPORT FloatLib.Floats.ExecFloat.Backends.WideLimb.Finite.Proof
AUDIT_IMPORT FloatLib.Floats.ExecFloat.Backends.WideLimb.Addition.Proof
AUDIT_IMPORT FloatLib.Floats.ExecFloat.Backends.WideLimb.Multiplication.Runtime
AUDIT_IMPORT FloatLib.Floats.ExecFloat.Backends.WideLimb.Multiplication.Proof
AUDIT_IMPORT FloatLib.Floats.ExecFloat.Backends.WideLimb.Fma.Runtime
AUDIT_IMPORT FloatLib.Floats.ExecFloat.Backends.WideLimb.Fma.Proof
AUDIT_IMPORT FloatLib.Floats.Formats.BinaryInterchange.Configured.Plan.WideLimbCandidates
AUDIT_IMPORT FloatLib.Floats.Formats.BinaryInterchange.Configured.Plan.Automatic
AUDIT_IMPORT FloatLib.Floats.Formats.BinaryInterchange.Configured.Plan.FirstOrder
AUDIT_IMPORT FloatLib.Floats.ExecFloat.Core.Capability
AUDIT_IMPORT FloatLib.Floats.Formats.BinaryInterchange.Configured.Plan.Instances
AUDIT_IMPORT FloatLib.Floats.Formats.BinaryInterchange.Model.ExactNumericalSystem
AUDIT_IMPORT FloatLib.Floats.Formats.BinaryInterchange.Model.ExactValue
AUDIT_IMPORT FloatLib.Numerics.Exact.Zero
AUDIT_IMPORT FloatLib.Numerics.Exact.SignedRat
AUDIT_IMPORT FloatLib.Floats.Formats.BinaryInterchange.Configured.Value.Core
AUDIT_IMPORT FloatLib.Floats.Formats.BinaryInterchange.Configured.Rounding.Runtime
AUDIT_IMPORT FloatLib.Floats.Formats.BinaryInterchange.Configured.Value.CoreProof
AUDIT_IMPORT FloatLib.Floats.Formats.BinaryInterchange.Configured.Rounding.Proof
AUDIT_IMPORT FloatLib.Floats.Formats.BinaryInterchange.Analysis.DyadicOrder
AUDIT_IMPORT Mathlib.Tactic.Ext
AUDIT_IMPORT FloatLib.Numerics.IEEEStatus.Proof
AUDIT_IMPORT FloatLib.Floats.Formats.BinaryInterchange.Status.Proof
AUDIT_IMPORT FloatLib.Floats.Formats.BinaryInterchange.Status
AUDIT_IMPORT FloatLib.Numerics.IEEEClass
AUDIT_IMPORT FloatLib.Floats.Formats.BinaryInterchange.Operations.Classification.Runtime
AUDIT_IMPORT FloatLib.Floats.Formats.BinaryInterchange.Configured.Classification.Runtime
AUDIT_IMPORT FloatLib.Floats.Formats.BinaryInterchange.Operations.Classification.Predicates
AUDIT_IMPORT FloatLib.Floats.Formats.BinaryInterchange.Operations.Classification.Classes
AUDIT_IMPORT FloatLib.Floats.Formats.BinaryInterchange.Operations.Classification.Semantics
AUDIT_IMPORT FloatLib.Floats.Formats.BinaryInterchange.Operations.Classification.Proof
AUDIT_IMPORT FloatLib.Floats.Formats.BinaryInterchange.Configured.Classification.Proof
AUDIT_IMPORT FloatLib.Floats.Formats.BinaryInterchange.Operations.Compare.Runtime
AUDIT_IMPORT FloatLib.Numerics.IEEEComparison
AUDIT_IMPORT FloatLib.Floats.Formats.BinaryInterchange.Operations.Compare.Predicates.Runtime
AUDIT_IMPORT FloatLib.Floats.Formats.BinaryInterchange.Configured.Comparison.Runtime
AUDIT_IMPORT FloatLib.Floats.Formats.BinaryInterchange.Operations.Compare.Proof
AUDIT_IMPORT FloatLib.Floats.Formats.BinaryInterchange.Operations.Compare.Predicates.Proof
AUDIT_IMPORT FloatLib.Floats.Formats.BinaryInterchange.Configured.Comparison.Proof
AUDIT_IMPORT FloatLib.Floats.Formats.BinaryInterchange.Operations.TotalOrder.Runtime
AUDIT_IMPORT FloatLib.Floats.Formats.BinaryInterchange.Configured.TotalOrder.Runtime
AUDIT_IMPORT FloatLib.Floats.Formats.BinaryInterchange.Operations.TotalOrder.ExactValue
AUDIT_IMPORT FloatLib.Floats.Formats.BinaryInterchange.Operations.TotalOrder.Encoding
AUDIT_IMPORT FloatLib.Floats.Formats.BinaryInterchange.Operations.TotalOrder.Semantics
AUDIT_IMPORT FloatLib.Floats.Formats.BinaryInterchange.Operations.TotalOrder.Sign
AUDIT_IMPORT FloatLib.Floats.Formats.BinaryInterchange.Operations.TotalOrder.Magnitude
AUDIT_IMPORT FloatLib.Floats.Formats.BinaryInterchange.Operations.TotalOrder.Proof
AUDIT_IMPORT FloatLib.Floats.Formats.BinaryInterchange.Configured.TotalOrder.Proof
AUDIT_IMPORT FloatLib.Floats.Formats.BinaryInterchange.Operations.Runtime
AUDIT_IMPORT FloatLib.Floats.Formats.BinaryInterchange.Configured.Operations.Runtime
AUDIT_IMPORT FloatLib.Floats.Formats.BinaryInterchange.Operations.Adjacent.Proof.Core
AUDIT_IMPORT FloatLib.Floats.Formats.BinaryInterchange.Operations.Adjacent.Proof.Boundaries
AUDIT_IMPORT FloatLib.Numerics.Reduction
AUDIT_IMPORT FloatLib.Floats.Formats.BinaryInterchange.Operations.MixedPrecision.Accumulation
AUDIT_IMPORT FloatLib.Floats.Formats.BinaryInterchange.Operations.MixedPrecision.Matmul
AUDIT_IMPORT FloatLib.Floats.Formats.BinaryInterchange.DirectedSemantics.Rational.Packing.Grid
AUDIT_IMPORT FloatLib.Floats.Formats.BinaryInterchange.DirectedSemantics.Dyadic.Core.Runtime
AUDIT_IMPORT FloatLib.Floats.Formats.BinaryInterchange.DirectedSemantics.Positive
AUDIT_IMPORT FloatLib.Floats.Formats.BinaryInterchange.DirectedSemantics.Signed
AUDIT_IMPORT FloatLib.Floats.Formats.BinaryInterchange.DirectedSemantics.Dyadic.Core.Proof
AUDIT_IMPORT FloatLib.Floats.Formats.BinaryInterchange.DirectedSemantics.Dyadic.Packing
AUDIT_IMPORT FloatLib.Floats.Formats.BinaryInterchange.DirectedSemantics.Internal
AUDIT_IMPORT FloatLib.Floats.Formats.BinaryInterchange.DirectedSemantics.Rational.Packing.Branches
AUDIT_IMPORT FloatLib.Floats.Formats.BinaryInterchange.DirectedSemantics.Rational.Packing.Internal
AUDIT_IMPORT FloatLib.Floats.Formats.BinaryInterchange.DirectedSemantics.Rational.Packing.Downward
AUDIT_IMPORT FloatLib.Floats.Formats.BinaryInterchange.DirectedSemantics.Rational.Packing.Upward
AUDIT_IMPORT FloatLib.Floats.Formats.BinaryInterchange.DirectedSemantics.Rational.RoundingSemantics.Quotient
AUDIT_IMPORT FloatLib.Floats.Formats.BinaryInterchange.DirectedSemantics.Rational.RoundingSemantics.Branches
AUDIT_IMPORT FloatLib.Floats.Formats.BinaryInterchange.DirectedSemantics.Rational.RoundingSemantics.RoundedReal
AUDIT_IMPORT FloatLib.Floats.Formats.BinaryInterchange.DirectedSemantics.Rational.RoundingSemantics.Executable
AUDIT_IMPORT FloatLib.Floats.Formats.BinaryInterchange.Arithmetic.DivisionSemantics
AUDIT_IMPORT FloatLib.Floats.Formats.BinaryInterchange.Rounding.Accuracy.Model
AUDIT_IMPORT FloatLib.Floats.Formats.BinaryInterchange.Rounding.Accuracy.Proof
AUDIT_IMPORT FloatLib.Floats.Formats.BinaryInterchange.DirectedSemantics.Finite
AUDIT_IMPORT FloatLib.Floats.Formats.BinaryInterchange.Arithmetic.SqrtSemantics
AUDIT_IMPORT FloatLib.Floats.Formats.BinaryInterchange.Analysis.Error
AUDIT_IMPORT FloatLib.Floats.Formats.BinaryInterchange.Operations.MixedPrecision.Proof
AUDIT_IMPORT FloatLib.Floats.Formats.BinaryInterchange.Operations.MixedPrecision.MatmulProof
AUDIT_IMPORT FloatLib.Floats.Formats.BinaryInterchange.Operations.Proof.Exponent
AUDIT_IMPORT FloatLib.Floats.Formats.BinaryInterchange.Operations.Proof.InvalidSignals
AUDIT_IMPORT FloatLib.Floats.Formats.BinaryInterchange.DirectedSemantics.PositiveBounds
AUDIT_IMPORT FloatLib.Floats.Formats.BinaryInterchange.Model.SignedERealSemantics
AUDIT_IMPORT FloatLib.Floats.Formats.BinaryInterchange.DirectedSemantics.Bounds
AUDIT_IMPORT FloatLib.Floats.Formats.BinaryInterchange.DirectedSemantics.Exact
AUDIT_IMPORT FloatLib.Floats.Formats.BinaryInterchange.Operations.Proof.Remainder
AUDIT_IMPORT FloatLib.Floats.Formats.BinaryInterchange.Operations.Proof.RoundToIntegral
AUDIT_IMPORT FloatLib.Floats.Formats.BinaryInterchange.Operations.Proof
AUDIT_IMPORT FloatLib.Floats.Formats.BinaryInterchange.Configured.Operations.Proof
AUDIT_IMPORT FloatLib.Numerics.Exact.RadixText.Runtime
AUDIT_IMPORT FloatLib.Numerics.Exact.DecimalText.Runtime
AUDIT_IMPORT FloatLib.Numerics.Exact.DecimalText.Special
AUDIT_IMPORT FloatLib.Numerics.Exact.RadixText.Precision
AUDIT_IMPORT FloatLib.Numerics.Exact.HexText.Runtime
AUDIT_IMPORT FloatLib.Floats.Formats.BinaryInterchange.Conversion.Text.Parsing
AUDIT_IMPORT FloatLib.Floats.Formats.BinaryInterchange.Conversion.Text.BoundedParsing
AUDIT_IMPORT FloatLib.Floats.Formats.BinaryInterchange.Configured.Parsing
AUDIT_IMPORT FloatLib.Numerics.Exact.DecimalText.Precision
AUDIT_IMPORT FloatLib.Numerics.Exact.Dyadic.Format
AUDIT_IMPORT FloatLib.Floats.Formats.BinaryInterchange.Conversion.Text.Formatting
AUDIT_IMPORT FloatLib.Numerics.Exact.DecimalText.Notation
AUDIT_IMPORT FloatLib.Floats.Formats.BinaryInterchange.Conversion.Text.DecimalFormatting
AUDIT_IMPORT FloatLib.Floats.Formats.BinaryInterchange.Configured.Formatting
AUDIT_IMPORT FloatLib.Floats.Formats.BinaryInterchange.Interval.Core
AUDIT_IMPORT FloatLib.Floats.Formats.BinaryInterchange.Interval.Arithmetic
AUDIT_IMPORT FloatLib.Floats.Formats.BinaryInterchange.Interval.Activations
AUDIT_IMPORT FloatLib.Numerics.Enclosure.Interval.Basic
AUDIT_IMPORT FloatLib.Floats.Formats.BinaryInterchange.Configured.Interval.Runtime
AUDIT_IMPORT FloatLib.Floats.Formats.BinaryInterchange.Arithmetic.Constants
AUDIT_IMPORT FloatLib.Floats.Formats.BinaryInterchange.DirectedSemantics.Rational.Bounds
AUDIT_IMPORT FloatLib.Floats.Formats.BinaryInterchange.DirectedSemantics.Division
AUDIT_IMPORT FloatLib.Floats.Formats.BinaryInterchange.DirectedSemantics.Multiplication
AUDIT_IMPORT FloatLib.Floats.Formats.BinaryInterchange.DirectedSemantics.NonNaN
AUDIT_IMPORT FloatLib.Floats.Formats.BinaryInterchange.DirectedSemantics.Addition
AUDIT_IMPORT FloatLib.Floats.Formats.BinaryInterchange.DirectedSemantics.Subtraction
AUDIT_IMPORT FloatLib.Floats.Formats.BinaryInterchange.IntervalSemantics.MinMax
AUDIT_IMPORT FloatLib.Floats.Formats.BinaryInterchange.IntervalSemantics.Core
AUDIT_IMPORT FloatLib.Floats.Formats.BinaryInterchange.IntervalSemantics.Order
AUDIT_IMPORT FloatLib.Floats.Interval.ERealCoercions
AUDIT_IMPORT FloatLib.Numerics.Enclosure.Interval.Bounds
AUDIT_IMPORT FloatLib.Floats.Interval.RealBounds
AUDIT_IMPORT FloatLib.Floats.Formats.BinaryInterchange.IntervalSemantics.Arithmetic
AUDIT_IMPORT FloatLib.Floats.Formats.BinaryInterchange.DirectedSemantics.SquareRoot
AUDIT_IMPORT FloatLib.Floats.Formats.BinaryInterchange.IntervalSemantics.Activations
AUDIT_IMPORT FloatLib.Floats.Formats.BinaryInterchange.IntervalSemantics
AUDIT_IMPORT FloatLib.Floats.Formats.BinaryInterchange.Configured.Interval.Proof
AUDIT_IMPORT FloatLib.Floats.Formats.BinaryInterchange.DirectedSemantics.FiniteBounds
AUDIT_IMPORT FloatLib.Floats.Formats.BinaryInterchange.IntervalSemantics.Finite
AUDIT_IMPORT FloatLib.Floats.Formats.BinaryInterchange.Configured.Interval.Finite
AUDIT_IMPORT FloatLib.Numerics.Enclosure.Interval.Runtime
AUDIT_IMPORT FloatLib.Floats.Formats.BinaryInterchange.Configured.Interval.Outward
AUDIT_IMPORT FloatLib.Floats.Formats.BinaryInterchange.Configured.Interval
AUDIT_IMPORT FloatLib.Numerics.Exact.RadixText.PrecisionProof
AUDIT_IMPORT FloatLib.Numerics.Exact.RadixText.ScannerProof
AUDIT_IMPORT Mathlib.Tactic.IntervalCases
AUDIT_IMPORT FloatLib.Numerics.Exact.DecimalText.Proof
AUDIT_IMPORT FloatLib.Numerics.Exact.DecimalText.PrecisionProof
AUDIT_IMPORT FloatLib.Numerics.Exact.HexText.Proof
AUDIT_IMPORT FloatLib.Floats.Formats.BinaryInterchange.Conversion.Text.PrecisionProof
AUDIT_IMPORT FloatLib.Numerics.Exact.DecimalText.NotationProof
AUDIT_IMPORT FloatLib.Floats.Formats.BinaryInterchange.Conversion.Text.DecimalFormattingProof
AUDIT_IMPORT FloatLib.Floats.Formats.BinaryInterchange.Conversion.Text.Representation
AUDIT_IMPORT FloatLib.Floats.Formats.BinaryInterchange.Conversion.Text.Roundtrip
AUDIT_IMPORT FloatLib.Floats.Formats.BinaryInterchange.Reduction.Runtime
AUDIT_IMPORT FloatLib.Floats.Formats.BinaryInterchange.Configured.Reduction.Runtime
AUDIT_IMPORT FloatLib.Floats.Formats.BinaryInterchange.Configured.Reduction.Proof
AUDIT_IMPORT FloatLib.Numerics.Reduction.Tree
AUDIT_IMPORT FloatLib.Numerics.Reduction.Error
AUDIT_IMPORT FloatLib.Floats.Formats.BinaryInterchange.Reduction.Tree
AUDIT_IMPORT FloatLib.Floats.Formats.BinaryInterchange.Configured.Reduction.Tree
AUDIT_IMPORT FloatLib.Floats.Formats.BinaryInterchange.Configured.Reduction
AUDIT_IMPORT FloatLib.Floats.ExecFloat.Comparison
AUDIT_IMPORT FloatLib.Floats.ExecFloat.Core.Operations
AUDIT_IMPORT FloatLib.Floats.ExecFloat.Dispatch
AUDIT_IMPORT FloatLib.Floats.ExecFloat.Instances
AUDIT_IMPORT FloatLib.Floats.Formats.BinaryInterchange.DirectedSemantics.Rational.Conversion
AUDIT_IMPORT FloatLib.Floats.Formats.BinaryInterchange.Configured.Instances
AUDIT_IMPORT FloatLib.Floats.Formats.BinaryInterchange.Configured.Plan.NativeCandidates
AUDIT_IMPORT FloatLib.Floats.Formats.BinaryInterchange.Configured.Type
AUDIT_IMPORT FloatLib.Floats.Formats.BinaryInterchange.Configured.NativeDispatch
AUDIT_IMPORT FloatLib.Floats.Formats.BinaryInterchange.Configured
AUDIT_IMPORT FloatLib.Floats.ExecFloat.Conversion.Core
AUDIT_IMPORT FloatLib.Floats.ExecFloat.ExactMap
AUDIT_IMPORT FloatLib.Floats.ExecFloat.Conversion.Runtime
AUDIT_IMPORT FloatLib.Floats.Formats.IEEE754.Native
AUDIT_IMPORT FloatLib.Floats.ExecFloat.Spec.Arithmetic
AUDIT_IMPORT FloatLib.Floats.ExecFloat.Proof.Arithmetic
AUDIT_IMPORT NN.Floats.IEEEExec.Bridge.Finite
